Product Name,Channel Description,NTB (group),Day of Calendar Date,Sales
INSURANCE,E-QUOTE,NULL,13 February 2023,78
INSURANCE,E-QUOTE,NULL,12 February 2023,51
INSURANCE,E-QUOTE,NULL,11 February 2023,51
INSURANCE,E-QUOTE,NULL,10 February 2023,80
INSURANCE,E-QUOTE,NULL,9 February 2023,84
INSURANCE,E-QUOTE,NULL,8 February 2023,26
INSURANCE,E-QUOTE,NULL,7 February 2023,61
INSURANCE,E-QUOTE,NULL,6 February 2023,84
INSURANCE,E-QUOTE,NULL,5 February 2023,47
INSURANCE,E-QUOTE,NULL,4 February 2023,35
INSURANCE,E-QUOTE,NULL,3 February 2023,62
INSURANCE,E-QUOTE,NULL,2 February 2023,67
INSURANCE,E-QUOTE,NULL,1 February 2023,91
INSURANCE,E-QUOTE,NULL,31 January 2023,160
INSURANCE,E-QUOTE,NULL,30 January 2023,196
INSURANCE,E-QUOTE,NULL,29 January 2023,63
INSURANCE,E-QUOTE,NULL,28 January 2023,59
INSURANCE,E-QUOTE,NULL,27 January 2023,100
INSURANCE,E-QUOTE,NULL,26 January 2023,90
INSURANCE,E-QUOTE,NULL,25 January 2023,88
INSURANCE,E-QUOTE,NULL,24 January 2023,177
INSURANCE,E-QUOTE,NULL,23 January 2023,84
INSURANCE,E-QUOTE,NULL,22 January 2023,39
INSURANCE,E-QUOTE,NULL,21 January 2023,47
INSURANCE,E-QUOTE,NULL,20 January 2023,70
INSURANCE,E-QUOTE,NULL,19 January 2023,78
INSURANCE,E-QUOTE,NULL,18 January 2023,96
INSURANCE,E-QUOTE,NULL,17 January 2023,73
INSURANCE,E-QUOTE,NULL,16 January 2023,93
INSURANCE,E-QUOTE,NULL,15 January 2023,68
INSURANCE,E-QUOTE,NULL,14 January 2023,61
INSURANCE,E-QUOTE,NULL,13 January 2023,88
INSURANCE,E-QUOTE,NULL,12 January 2023,130
INSURANCE,E-QUOTE,NULL,11 January 2023,258
INSURANCE,E-QUOTE,NULL,10 January 2023,77
INSURANCE,E-QUOTE,NULL,9 January 2023,93
INSURANCE,E-QUOTE,NULL,8 January 2023,61
INSURANCE,E-QUOTE,NULL,7 January 2023,34
INSURANCE,E-QUOTE,NULL,6 January 2023,70
INSURANCE,E-QUOTE,NULL,5 January 2023,77
INSURANCE,E-QUOTE,NULL,4 January 2023,86
INSURANCE,E-QUOTE,NULL,3 January 2023,74
INSURANCE,E-QUOTE,NULL,2 January 2023,63
INSURANCE,E-QUOTE,NULL,1 January 2023,26
INSURANCE,E-QUOTE,NULL,31 December 2022,36
INSURANCE,E-QUOTE,NULL,30 December 2022,60
INSURANCE,E-QUOTE,NULL,29 December 2022,87
INSURANCE,E-QUOTE,NULL,28 December 2022,67
INSURANCE,E-QUOTE,NULL,27 December 2022,47
INSURANCE,E-QUOTE,NULL,26 December 2022,37
INSURANCE,E-QUOTE,NULL,25 December 2022,14
INSURANCE,E-QUOTE,NULL,24 December 2022,38
INSURANCE,E-QUOTE,NULL,23 December 2022,58
INSURANCE,E-QUOTE,NULL,22 December 2022,81
INSURANCE,E-QUOTE,NULL,21 December 2022,110
INSURANCE,E-QUOTE,NULL,20 December 2022,62
INSURANCE,E-QUOTE,NULL,19 December 2022,68
INSURANCE,E-QUOTE,NULL,18 December 2022,31
INSURANCE,E-QUOTE,NULL,17 December 2022,39
INSURANCE,E-QUOTE,NULL,16 December 2022,54
INSURANCE,E-QUOTE,NULL,15 December 2022,78
INSURANCE,E-QUOTE,NULL,14 December 2022,114
INSURANCE,E-QUOTE,NULL,13 December 2022,64
INSURANCE,E-QUOTE,NULL,12 December 2022,59
INSURANCE,E-QUOTE,NULL,11 December 2022,40
INSURANCE,E-QUOTE,NULL,10 December 2022,40
INSURANCE,E-QUOTE,NULL,9 December 2022,51
INSURANCE,E-QUOTE,NULL,8 December 2022,71
INSURANCE,E-QUOTE,NULL,7 December 2022,65
INSURANCE,E-QUOTE,NULL,6 December 2022,62
INSURANCE,E-QUOTE,NULL,5 December 2022,58
INSURANCE,E-QUOTE,NULL,4 December 2022,30
INSURANCE,E-QUOTE,NULL,3 December 2022,45
INSURANCE,E-QUOTE,NULL,2 December 2022,67
INSURANCE,E-QUOTE,NULL,1 December 2022,72
INSURANCE,E-QUOTE,NULL,30 November 2022,70
INSURANCE,E-QUOTE,NULL,29 November 2022,78
INSURANCE,E-QUOTE,NULL,28 November 2022,55
INSURANCE,E-QUOTE,NULL,27 November 2022,46
INSURANCE,E-QUOTE,NULL,26 November 2022,39
INSURANCE,E-QUOTE,NULL,25 November 2022,51
INSURANCE,E-QUOTE,NULL,24 November 2022,58
INSURANCE,E-QUOTE,NULL,23 November 2022,60
INSURANCE,E-QUOTE,NULL,22 November 2022,69
INSURANCE,E-QUOTE,NULL,21 November 2022,73
INSURANCE,E-QUOTE,NULL,20 November 2022,53
INSURANCE,E-QUOTE,NULL,19 November 2022,33
INSURANCE,E-QUOTE,NULL,18 November 2022,69
INSURANCE,E-QUOTE,NULL,17 November 2022,67
LIVING SUPER,NOT SUPPLIED,Existing,13 February 2023,5
LIVING SUPER,NOT SUPPLIED,NTB,13 February 2023,4
LIVING SUPER,NOT SUPPLIED,Existing,12 February 2023,3
LIVING SUPER,NOT SUPPLIED,Existing,11 February 2023,4
LIVING SUPER,NOT SUPPLIED,NTB,11 February 2023,1
LIVING SUPER,NOT SUPPLIED,Existing,10 February 2023,5
LIVING SUPER,NOT SUPPLIED,NTB,10 February 2023,1
LIVING SUPER,NOT SUPPLIED,Existing,9 February 2023,7
LIVING SUPER,NOT SUPPLIED,NTB,9 February 2023,1
LIVING SUPER,NOT SUPPLIED,Existing,8 February 2023,6
LIVING SUPER,NOT SUPPLIED,Existing,7 February 2023,5
LIVING SUPER,NOT SUPPLIED,NTB,7 February 2023,1
LIVING SUPER,NOT SUPPLIED,Existing,6 February 2023,6
LIVING SUPER,NOT SUPPLIED,NTB,6 February 2023,7
LIVING SUPER,NOT SUPPLIED,Existing,5 February 2023,6
LIVING SUPER,NOT SUPPLIED,NTB,5 February 2023,3
LIVING SUPER,NOT SUPPLIED,Existing,4 February 2023,3
LIVING SUPER,NOT SUPPLIED,NTB,4 February 2023,2
LIVING SUPER,NOT SUPPLIED,Existing,3 February 2023,6
LIVING SUPER,NOT SUPPLIED,Existing,2 February 2023,10
LIVING SUPER,NOT SUPPLIED,NTB,2 February 2023,2
LIVING SUPER,NOT SUPPLIED,Existing,1 February 2023,4
LIVING SUPER,NOT SUPPLIED,NTB,1 February 2023,3
LIVING SUPER,NOT SUPPLIED,Existing,31 January 2023,9
LIVING SUPER,NOT SUPPLIED,NTB,31 January 2023,2
LIVING SUPER,NOT SUPPLIED,Existing,30 January 2023,9
LIVING SUPER,NOT SUPPLIED,NTB,30 January 2023,4
LIVING SUPER,NOT SUPPLIED,Existing,29 January 2023,1
LIVING SUPER,NOT SUPPLIED,NTB,29 January 2023,3
LIVING SUPER,NOT SUPPLIED,Existing,28 January 2023,2
LIVING SUPER,NOT SUPPLIED,NTB,28 January 2023,2
LIVING SUPER,NOT SUPPLIED,NTB,27 January 2023,3
LIVING SUPER,NOT SUPPLIED,Existing,25 January 2023,6
LIVING SUPER,NOT SUPPLIED,NTB,25 January 2023,4
LIVING SUPER,NOT SUPPLIED,Existing,24 January 2023,12
LIVING SUPER,NOT SUPPLIED,NTB,24 January 2023,4
LIVING SUPER,NOT SUPPLIED,Existing,23 January 2023,11
LIVING SUPER,NOT SUPPLIED,NTB,23 January 2023,6
LIVING SUPER,NOT SUPPLIED,Existing,22 January 2023,4
LIVING SUPER,NOT SUPPLIED,NTB,22 January 2023,3
LIVING SUPER,NOT SUPPLIED,Existing,21 January 2023,2
LIVING SUPER,NOT SUPPLIED,NTB,21 January 2023,1
LIVING SUPER,NOT SUPPLIED,Existing,20 January 2023,4
LIVING SUPER,NOT SUPPLIED,NTB,20 January 2023,6
LIVING SUPER,NOT SUPPLIED,Existing,19 January 2023,6
LIVING SUPER,NOT SUPPLIED,NTB,19 January 2023,2
LIVING SUPER,NOT SUPPLIED,Existing,18 January 2023,4
LIVING SUPER,NOT SUPPLIED,NTB,18 January 2023,4
LIVING SUPER,NOT SUPPLIED,Existing,17 January 2023,7
LIVING SUPER,NOT SUPPLIED,NTB,17 January 2023,6
LIVING SUPER,NOT SUPPLIED,Existing,16 January 2023,7
LIVING SUPER,NOT SUPPLIED,NTB,16 January 2023,2
LIVING SUPER,NOT SUPPLIED,Existing,15 January 2023,3
LIVING SUPER,NOT SUPPLIED,NTB,15 January 2023,2
LIVING SUPER,NOT SUPPLIED,Existing,14 January 2023,1
LIVING SUPER,NOT SUPPLIED,NTB,14 January 2023,2
LIVING SUPER,NOT SUPPLIED,Existing,13 January 2023,2
LIVING SUPER,NOT SUPPLIED,NTB,13 January 2023,1
LIVING SUPER,NOT SUPPLIED,Existing,12 January 2023,6
LIVING SUPER,NOT SUPPLIED,NTB,12 January 2023,5
LIVING SUPER,NOT SUPPLIED,Existing,11 January 2023,9
LIVING SUPER,NOT SUPPLIED,NTB,11 January 2023,1
LIVING SUPER,NOT SUPPLIED,Existing,10 January 2023,16
LIVING SUPER,NOT SUPPLIED,NTB,10 January 2023,5
LIVING SUPER,NOT SUPPLIED,Existing,9 January 2023,7
LIVING SUPER,NOT SUPPLIED,NTB,9 January 2023,3
LIVING SUPER,NOT SUPPLIED,Existing,8 January 2023,1
LIVING SUPER,NOT SUPPLIED,NTB,8 January 2023,3
LIVING SUPER,NOT SUPPLIED,Existing,7 January 2023,3
LIVING SUPER,NOT SUPPLIED,NTB,7 January 2023,1
LIVING SUPER,NOT SUPPLIED,Existing,6 January 2023,5
LIVING SUPER,NOT SUPPLIED,NTB,6 January 2023,1
LIVING SUPER,NOT SUPPLIED,Existing,5 January 2023,10
LIVING SUPER,NOT SUPPLIED,NTB,5 January 2023,2
LIVING SUPER,NOT SUPPLIED,Existing,4 January 2023,4
LIVING SUPER,NOT SUPPLIED,NTB,4 January 2023,2
LIVING SUPER,NOT SUPPLIED,Existing,3 January 2023,4
LIVING SUPER,NOT SUPPLIED,NTB,3 January 2023,3
LIVING SUPER,NOT SUPPLIED,Existing,2 January 2023,2
LIVING SUPER,NOT SUPPLIED,NTB,2 January 2023,1
LIVING SUPER,NOT SUPPLIED,Existing,1 January 2023,2
LIVING SUPER,NOT SUPPLIED,NTB,1 January 2023,1
LIVING SUPER,NOT SUPPLIED,Existing,31 December 2022,1
LIVING SUPER,NOT SUPPLIED,NTB,31 December 2022,2
LIVING SUPER,NOT SUPPLIED,NTB,30 December 2022,4
LIVING SUPER,NOT SUPPLIED,Existing,29 December 2022,1
LIVING SUPER,NOT SUPPLIED,NTB,29 December 2022,2
LIVING SUPER,NOT SUPPLIED,Existing,28 December 2022,2
LIVING SUPER,NOT SUPPLIED,NTB,28 December 2022,4
LIVING SUPER,NOT SUPPLIED,Existing,27 December 2022,1
LIVING SUPER,NOT SUPPLIED,NTB,27 December 2022,2
LIVING SUPER,NOT SUPPLIED,Existing,25 December 2022,1
LIVING SUPER,NOT SUPPLIED,NTB,25 December 2022,1
LIVING SUPER,NOT SUPPLIED,Existing,24 December 2022,1
LIVING SUPER,NOT SUPPLIED,Existing,23 December 2022,4
LIVING SUPER,NOT SUPPLIED,NTB,23 December 2022,4
LIVING SUPER,NOT SUPPLIED,Existing,22 December 2022,3
LIVING SUPER,NOT SUPPLIED,NTB,22 December 2022,1
LIVING SUPER,NOT SUPPLIED,Existing,21 December 2022,4
LIVING SUPER,NOT SUPPLIED,NTB,21 December 2022,10
LIVING SUPER,NOT SUPPLIED,Existing,20 December 2022,3
LIVING SUPER,NOT SUPPLIED,NTB,20 December 2022,6
LIVING SUPER,NOT SUPPLIED,Existing,19 December 2022,4
LIVING SUPER,NOT SUPPLIED,NTB,19 December 2022,3
LIVING SUPER,NOT SUPPLIED,Existing,18 December 2022,1
LIVING SUPER,NOT SUPPLIED,NTB,18 December 2022,6
LIVING SUPER,NOT SUPPLIED,Existing,17 December 2022,1
LIVING SUPER,NOT SUPPLIED,Existing,16 December 2022,4
LIVING SUPER,NOT SUPPLIED,NTB,16 December 2022,3
LIVING SUPER,NOT SUPPLIED,Existing,15 December 2022,6
LIVING SUPER,NOT SUPPLIED,NTB,15 December 2022,5
LIVING SUPER,NOT SUPPLIED,Existing,14 December 2022,6
LIVING SUPER,NOT SUPPLIED,NTB,14 December 2022,6
LIVING SUPER,NOT SUPPLIED,NTB,13 December 2022,4
LIVING SUPER,NOT SUPPLIED,Existing,12 December 2022,2
LIVING SUPER,NOT SUPPLIED,NTB,12 December 2022,10
LIVING SUPER,NOT SUPPLIED,Existing,11 December 2022,3
LIVING SUPER,NOT SUPPLIED,NTB,11 December 2022,4
LIVING SUPER,NOT SUPPLIED,Existing,10 December 2022,4
LIVING SUPER,NOT SUPPLIED,NTB,10 December 2022,2
LIVING SUPER,NOT SUPPLIED,Existing,9 December 2022,1
LIVING SUPER,NOT SUPPLIED,NTB,9 December 2022,7
LIVING SUPER,NOT SUPPLIED,Existing,8 December 2022,5
LIVING SUPER,NOT SUPPLIED,NTB,8 December 2022,6
LIVING SUPER,NOT SUPPLIED,Existing,7 December 2022,4
LIVING SUPER,NOT SUPPLIED,NTB,7 December 2022,4
LIVING SUPER,NOT SUPPLIED,Existing,6 December 2022,9
LIVING SUPER,NOT SUPPLIED,NTB,6 December 2022,5
LIVING SUPER,NOT SUPPLIED,Existing,5 December 2022,5
LIVING SUPER,NOT SUPPLIED,NTB,5 December 2022,2
LIVING SUPER,NOT SUPPLIED,Existing,4 December 2022,2
LIVING SUPER,NOT SUPPLIED,NTB,4 December 2022,2
LIVING SUPER,NOT SUPPLIED,Existing,3 December 2022,1
LIVING SUPER,NOT SUPPLIED,NTB,3 December 2022,3
LIVING SUPER,NOT SUPPLIED,Existing,2 December 2022,4
LIVING SUPER,NOT SUPPLIED,NTB,2 December 2022,4
LIVING SUPER,NOT SUPPLIED,Existing,1 December 2022,7
LIVING SUPER,NOT SUPPLIED,NTB,1 December 2022,3
LIVING SUPER,NOT SUPPLIED,Existing,30 November 2022,9
LIVING SUPER,NOT SUPPLIED,NTB,30 November 2022,6
LIVING SUPER,NOT SUPPLIED,Existing,29 November 2022,4
LIVING SUPER,NOT SUPPLIED,NTB,29 November 2022,3
LIVING SUPER,NOT SUPPLIED,Existing,28 November 2022,4
LIVING SUPER,NOT SUPPLIED,NTB,28 November 2022,9
LIVING SUPER,NOT SUPPLIED,Existing,27 November 2022,8
LIVING SUPER,NOT SUPPLIED,NTB,27 November 2022,3
LIVING SUPER,NOT SUPPLIED,Existing,26 November 2022,2
LIVING SUPER,NOT SUPPLIED,Existing,25 November 2022,4
LIVING SUPER,NOT SUPPLIED,NTB,25 November 2022,2
LIVING SUPER,NOT SUPPLIED,Existing,24 November 2022,9
LIVING SUPER,NOT SUPPLIED,NTB,24 November 2022,10
LIVING SUPER,NOT SUPPLIED,Existing,23 November 2022,5
LIVING SUPER,NOT SUPPLIED,NTB,23 November 2022,12
LIVING SUPER,NOT SUPPLIED,Existing,22 November 2022,3
LIVING SUPER,NOT SUPPLIED,NTB,22 November 2022,5
LIVING SUPER,NOT SUPPLIED,Existing,21 November 2022,3
LIVING SUPER,NOT SUPPLIED,NTB,21 November 2022,5
LIVING SUPER,NOT SUPPLIED,Existing,20 November 2022,4
LIVING SUPER,NOT SUPPLIED,NTB,20 November 2022,3
LIVING SUPER,NOT SUPPLIED,Existing,19 November 2022,5
LIVING SUPER,NOT SUPPLIED,NTB,19 November 2022,1
LIVING SUPER,NOT SUPPLIED,Existing,18 November 2022,4
LIVING SUPER,NOT SUPPLIED,NTB,18 November 2022,2
LIVING SUPER,NOT SUPPLIED,Existing,17 November 2022,6
LIVING SUPER,NOT SUPPLIED,NTB,17 November 2022,3
MORTGAGES,DIRECT,Existing,13 February 2023,3
MORTGAGES,DIRECT,Existing,10 February 2023,8
MORTGAGES,DIRECT,NTB,10 February 2023,1
MORTGAGES,DIRECT,Existing,9 February 2023,10
MORTGAGES,DIRECT,NTB,9 February 2023,4
MORTGAGES,DIRECT,Existing,8 February 2023,16
MORTGAGES,DIRECT,NTB,8 February 2023,1
MORTGAGES,DIRECT,Existing,7 February 2023,12
MORTGAGES,DIRECT,Existing,6 February 2023,9
MORTGAGES,DIRECT,NTB,6 February 2023,2
MORTGAGES,DIRECT,Existing,3 February 2023,7
MORTGAGES,DIRECT,Existing,2 February 2023,7
MORTGAGES,DIRECT,NTB,2 February 2023,1
MORTGAGES,DIRECT,Existing,1 February 2023,9
MORTGAGES,DIRECT,Existing,31 January 2023,14
MORTGAGES,DIRECT,NTB,31 January 2023,1
MORTGAGES,DIRECT,Existing,30 January 2023,5
MORTGAGES,DIRECT,Existing,27 January 2023,10
MORTGAGES,DIRECT,Existing,25 January 2023,9
MORTGAGES,DIRECT,Existing,24 January 2023,11
MORTGAGES,DIRECT,NTB,24 January 2023,2
MORTGAGES,DIRECT,Existing,23 January 2023,10
MORTGAGES,DIRECT,NTB,23 January 2023,1
MORTGAGES,DIRECT,Existing,20 January 2023,13
MORTGAGES,DIRECT,NTB,20 January 2023,1
MORTGAGES,DIRECT,Existing,19 January 2023,12
MORTGAGES,DIRECT,Existing,18 January 2023,13
MORTGAGES,DIRECT,Existing,17 January 2023,9
MORTGAGES,DIRECT,NTB,17 January 2023,3
MORTGAGES,DIRECT,Existing,16 January 2023,8
MORTGAGES,DIRECT,Existing,13 January 2023,5
MORTGAGES,DIRECT,Existing,12 January 2023,8
MORTGAGES,DIRECT,NTB,12 January 2023,1
MORTGAGES,DIRECT,Existing,11 January 2023,8
MORTGAGES,DIRECT,Existing,10 January 2023,6
MORTGAGES,DIRECT,NTB,10 January 2023,1
MORTGAGES,DIRECT,Existing,9 January 2023,6
MORTGAGES,DIRECT,Existing,6 January 2023,6
MORTGAGES,DIRECT,Existing,5 January 2023,6
MORTGAGES,DIRECT,Existing,4 January 2023,6
MORTGAGES,DIRECT,Existing,3 January 2023,5
MORTGAGES,DIRECT,NTB,3 January 2023,1
MORTGAGES,DIRECT,Existing,30 December 2022,5
MORTGAGES,DIRECT,Existing,29 December 2022,4
MORTGAGES,DIRECT,Existing,28 December 2022,2
MORTGAGES,DIRECT,Existing,23 December 2022,2
MORTGAGES,DIRECT,NTB,23 December 2022,2
MORTGAGES,DIRECT,Existing,22 December 2022,15
MORTGAGES,DIRECT,Existing,21 December 2022,16
MORTGAGES,DIRECT,NTB,21 December 2022,1
MORTGAGES,DIRECT,Existing,20 December 2022,11
MORTGAGES,DIRECT,Existing,19 December 2022,11
MORTGAGES,DIRECT,NTB,19 December 2022,1
MORTGAGES,DIRECT,Existing,16 December 2022,15
MORTGAGES,DIRECT,Existing,15 December 2022,21
MORTGAGES,DIRECT,NTB,15 December 2022,1
MORTGAGES,DIRECT,Existing,14 December 2022,16
MORTGAGES,DIRECT,Existing,13 December 2022,5
MORTGAGES,DIRECT,NTB,13 December 2022,2
MORTGAGES,DIRECT,Existing,12 December 2022,9
MORTGAGES,DIRECT,NTB,12 December 2022,1
MORTGAGES,DIRECT,Existing,9 December 2022,9
MORTGAGES,DIRECT,Existing,8 December 2022,8
MORTGAGES,DIRECT,Existing,7 December 2022,7
MORTGAGES,DIRECT,NTB,7 December 2022,3
MORTGAGES,DIRECT,Existing,6 December 2022,13
MORTGAGES,DIRECT,NTB,6 December 2022,1
MORTGAGES,DIRECT,Existing,5 December 2022,13
MORTGAGES,DIRECT,Existing,2 December 2022,12
MORTGAGES,DIRECT,Existing,1 December 2022,10
MORTGAGES,DIRECT,NTB,1 December 2022,1
MORTGAGES,DIRECT,Existing,30 November 2022,12
MORTGAGES,DIRECT,NTB,30 November 2022,1
MORTGAGES,DIRECT,Existing,29 November 2022,14
MORTGAGES,DIRECT,NTB,29 November 2022,1
MORTGAGES,DIRECT,Existing,28 November 2022,10
MORTGAGES,DIRECT,NTB,28 November 2022,1
MORTGAGES,DIRECT,Existing,25 November 2022,8
MORTGAGES,DIRECT,Existing,24 November 2022,7
MORTGAGES,DIRECT,Existing,23 November 2022,7
MORTGAGES,DIRECT,NTB,23 November 2022,1
MORTGAGES,DIRECT,Existing,22 November 2022,4
MORTGAGES,DIRECT,Existing,21 November 2022,11
MORTGAGES,DIRECT,NTB,21 November 2022,1
MORTGAGES,DIRECT,Existing,18 November 2022,10
MORTGAGES,DIRECT,Existing,17 November 2022,8
MORTGAGES,DIRECT,NTB,17 November 2022,2
MORTGAGES,BROKER,Existing,13 February 2023,38
MORTGAGES,BROKER,NTB,13 February 2023,25
MORTGAGES,BROKER,Existing,10 February 2023,46
MORTGAGES,BROKER,NTB,10 February 2023,29
MORTGAGES,BROKER,Existing,9 February 2023,64
MORTGAGES,BROKER,NTB,9 February 2023,37
MORTGAGES,BROKER,Existing,8 February 2023,37
MORTGAGES,BROKER,NTB,8 February 2023,25
MORTGAGES,BROKER,Existing,7 February 2023,51
MORTGAGES,BROKER,NTB,7 February 2023,18
MORTGAGES,BROKER,Existing,6 February 2023,38
MORTGAGES,BROKER,NTB,6 February 2023,22
MORTGAGES,BROKER,Existing,3 February 2023,42
MORTGAGES,BROKER,NTB,3 February 2023,27
MORTGAGES,BROKER,Existing,2 February 2023,45
MORTGAGES,BROKER,NTB,2 February 2023,19
MORTGAGES,BROKER,Existing,1 February 2023,39
MORTGAGES,BROKER,NTB,1 February 2023,21
MORTGAGES,BROKER,Existing,31 January 2023,96
MORTGAGES,BROKER,NTB,31 January 2023,66
MORTGAGES,BROKER,Existing,30 January 2023,35
MORTGAGES,BROKER,NTB,30 January 2023,20
MORTGAGES,BROKER,Existing,27 January 2023,54
MORTGAGES,BROKER,NTB,27 January 2023,25
MORTGAGES,BROKER,Existing,25 January 2023,80
MORTGAGES,BROKER,NTB,25 January 2023,47
MORTGAGES,BROKER,Existing,24 January 2023,58
MORTGAGES,BROKER,NTB,24 January 2023,19
MORTGAGES,BROKER,Existing,23 January 2023,83
MORTGAGES,BROKER,NTB,23 January 2023,23
MORTGAGES,BROKER,Existing,20 January 2023,57
MORTGAGES,BROKER,NTB,20 January 2023,23
MORTGAGES,BROKER,Existing,19 January 2023,62
MORTGAGES,BROKER,NTB,19 January 2023,37
MORTGAGES,BROKER,Existing,18 January 2023,49
MORTGAGES,BROKER,NTB,18 January 2023,23
MORTGAGES,BROKER,Existing,17 January 2023,43
MORTGAGES,BROKER,NTB,17 January 2023,36
MORTGAGES,BROKER,Existing,16 January 2023,83
MORTGAGES,BROKER,NTB,16 January 2023,31
MORTGAGES,BROKER,Existing,13 January 2023,52
MORTGAGES,BROKER,NTB,13 January 2023,33
MORTGAGES,BROKER,Existing,12 January 2023,66
MORTGAGES,BROKER,NTB,12 January 2023,35
MORTGAGES,BROKER,Existing,11 January 2023,46
MORTGAGES,BROKER,NTB,11 January 2023,15
MORTGAGES,BROKER,Existing,10 January 2023,48
MORTGAGES,BROKER,NTB,10 January 2023,22
MORTGAGES,BROKER,Existing,9 January 2023,40
MORTGAGES,BROKER,NTB,9 January 2023,24
MORTGAGES,BROKER,Existing,6 January 2023,33
MORTGAGES,BROKER,NTB,6 January 2023,14
MORTGAGES,BROKER,Existing,5 January 2023,32
MORTGAGES,BROKER,NTB,5 January 2023,21
MORTGAGES,BROKER,Existing,4 January 2023,35
MORTGAGES,BROKER,NTB,4 January 2023,14
MORTGAGES,BROKER,Existing,3 January 2023,38
MORTGAGES,BROKER,NTB,3 January 2023,21
MORTGAGES,BROKER,Existing,30 December 2022,18
MORTGAGES,BROKER,NTB,30 December 2022,13
MORTGAGES,BROKER,Existing,29 December 2022,25
MORTGAGES,BROKER,NTB,29 December 2022,13
MORTGAGES,BROKER,Existing,28 December 2022,32
MORTGAGES,BROKER,NTB,28 December 2022,27
MORTGAGES,BROKER,Existing,26 December 2022,3
MORTGAGES,BROKER,Existing,23 December 2022,41
MORTGAGES,BROKER,NTB,23 December 2022,25
MORTGAGES,BROKER,Existing,22 December 2022,62
MORTGAGES,BROKER,NTB,22 December 2022,40
MORTGAGES,BROKER,Existing,21 December 2022,59
MORTGAGES,BROKER,NTB,21 December 2022,40
MORTGAGES,BROKER,Existing,20 December 2022,54
MORTGAGES,BROKER,NTB,20 December 2022,33
MORTGAGES,BROKER,Existing,19 December 2022,52
MORTGAGES,BROKER,NTB,19 December 2022,24
MORTGAGES,BROKER,Existing,16 December 2022,79
MORTGAGES,BROKER,NTB,16 December 2022,58
MORTGAGES,BROKER,Existing,15 December 2022,65
MORTGAGES,BROKER,NTB,15 December 2022,37
MORTGAGES,BROKER,Existing,14 December 2022,52
MORTGAGES,BROKER,NTB,14 December 2022,33
MORTGAGES,BROKER,Existing,13 December 2022,44
MORTGAGES,BROKER,NTB,13 December 2022,30
MORTGAGES,BROKER,Existing,12 December 2022,78
MORTGAGES,BROKER,NTB,12 December 2022,25
MORTGAGES,BROKER,Existing,9 December 2022,62
MORTGAGES,BROKER,NTB,9 December 2022,28
MORTGAGES,BROKER,Existing,8 December 2022,45
MORTGAGES,BROKER,NTB,8 December 2022,21
MORTGAGES,BROKER,Existing,7 December 2022,45
MORTGAGES,BROKER,NTB,7 December 2022,28
MORTGAGES,BROKER,Existing,6 December 2022,52
MORTGAGES,BROKER,NTB,6 December 2022,31
MORTGAGES,BROKER,Existing,5 December 2022,45
MORTGAGES,BROKER,NTB,5 December 2022,24
MORTGAGES,BROKER,Existing,2 December 2022,40
MORTGAGES,BROKER,NTB,2 December 2022,14
MORTGAGES,BROKER,Existing,1 December 2022,61
MORTGAGES,BROKER,NTB,1 December 2022,18
MORTGAGES,BROKER,Existing,30 November 2022,53
MORTGAGES,BROKER,NTB,30 November 2022,41
MORTGAGES,BROKER,Existing,29 November 2022,75
MORTGAGES,BROKER,NTB,29 November 2022,46
MORTGAGES,BROKER,Existing,28 November 2022,73
MORTGAGES,BROKER,NTB,28 November 2022,30
MORTGAGES,BROKER,Existing,25 November 2022,40
MORTGAGES,BROKER,NTB,25 November 2022,42
MORTGAGES,BROKER,Existing,24 November 2022,53
MORTGAGES,BROKER,NTB,24 November 2022,28
MORTGAGES,BROKER,Existing,23 November 2022,49
MORTGAGES,BROKER,NTB,23 November 2022,30
MORTGAGES,BROKER,Existing,22 November 2022,49
MORTGAGES,BROKER,NTB,22 November 2022,28
MORTGAGES,BROKER,Existing,21 November 2022,53
MORTGAGES,BROKER,NTB,21 November 2022,33
MORTGAGES,BROKER,Existing,18 November 2022,77
MORTGAGES,BROKER,NTB,18 November 2022,45
MORTGAGES,BROKER,Existing,17 November 2022,37
MORTGAGES,BROKER,NTB,17 November 2022,20
ORANGE EVERYDAY,MOBILE APP,Existing,13 February 2023,122
ORANGE EVERYDAY,MOBILE APP,NTB,13 February 2023,26
ORANGE EVERYDAY,MOBILE APP,Existing,12 February 2023,90
ORANGE EVERYDAY,MOBILE APP,NTB,12 February 2023,14
ORANGE EVERYDAY,MOBILE APP,Existing,11 February 2023,86
ORANGE EVERYDAY,MOBILE APP,NTB,11 February 2023,17
ORANGE EVERYDAY,MOBILE APP,Existing,10 February 2023,109
ORANGE EVERYDAY,MOBILE APP,NTB,10 February 2023,18
ORANGE EVERYDAY,MOBILE APP,Existing,9 February 2023,106
ORANGE EVERYDAY,MOBILE APP,NTB,9 February 2023,29
ORANGE EVERYDAY,MOBILE APP,Existing,8 February 2023,133
ORANGE EVERYDAY,MOBILE APP,NTB,8 February 2023,31
ORANGE EVERYDAY,MOBILE APP,Existing,7 February 2023,142
ORANGE EVERYDAY,MOBILE APP,NTB,7 February 2023,30
ORANGE EVERYDAY,MOBILE APP,Existing,6 February 2023,128
ORANGE EVERYDAY,MOBILE APP,NTB,6 February 2023,18
ORANGE EVERYDAY,MOBILE APP,Existing,5 February 2023,79
ORANGE EVERYDAY,MOBILE APP,NTB,5 February 2023,16
ORANGE EVERYDAY,MOBILE APP,Existing,4 February 2023,87
ORANGE EVERYDAY,MOBILE APP,NTB,4 February 2023,14
ORANGE EVERYDAY,MOBILE APP,Existing,3 February 2023,114
ORANGE EVERYDAY,MOBILE APP,NTB,3 February 2023,17
ORANGE EVERYDAY,MOBILE APP,Existing,2 February 2023,125
ORANGE EVERYDAY,MOBILE APP,NTB,2 February 2023,24
ORANGE EVERYDAY,MOBILE APP,Existing,1 February 2023,121
ORANGE EVERYDAY,MOBILE APP,NTB,1 February 2023,33
ORANGE EVERYDAY,MOBILE APP,Existing,31 January 2023,129
ORANGE EVERYDAY,MOBILE APP,NTB,31 January 2023,36
ORANGE EVERYDAY,MOBILE APP,Existing,30 January 2023,145
ORANGE EVERYDAY,MOBILE APP,NTB,30 January 2023,20
ORANGE EVERYDAY,MOBILE APP,Existing,29 January 2023,91
ORANGE EVERYDAY,MOBILE APP,NTB,29 January 2023,19
ORANGE EVERYDAY,MOBILE APP,Existing,28 January 2023,75
ORANGE EVERYDAY,MOBILE APP,NTB,28 January 2023,20
ORANGE EVERYDAY,MOBILE APP,Existing,27 January 2023,87
ORANGE EVERYDAY,MOBILE APP,NTB,27 January 2023,22
ORANGE EVERYDAY,MOBILE APP,Existing,26 January 2023,102
ORANGE EVERYDAY,MOBILE APP,NTB,26 January 2023,21
ORANGE EVERYDAY,MOBILE APP,Existing,25 January 2023,132
ORANGE EVERYDAY,MOBILE APP,NTB,25 January 2023,20
ORANGE EVERYDAY,MOBILE APP,Existing,24 January 2023,128
ORANGE EVERYDAY,MOBILE APP,NTB,24 January 2023,17
ORANGE EVERYDAY,MOBILE APP,Existing,23 January 2023,112
ORANGE EVERYDAY,MOBILE APP,NTB,23 January 2023,18
ORANGE EVERYDAY,MOBILE APP,Existing,22 January 2023,116
ORANGE EVERYDAY,MOBILE APP,NTB,22 January 2023,24
ORANGE EVERYDAY,MOBILE APP,Existing,21 January 2023,72
ORANGE EVERYDAY,MOBILE APP,NTB,21 January 2023,12
ORANGE EVERYDAY,MOBILE APP,Existing,20 January 2023,115
ORANGE EVERYDAY,MOBILE APP,NTB,20 January 2023,29
ORANGE EVERYDAY,MOBILE APP,Existing,19 January 2023,143
ORANGE EVERYDAY,MOBILE APP,NTB,19 January 2023,19
ORANGE EVERYDAY,MOBILE APP,Existing,18 January 2023,135
ORANGE EVERYDAY,MOBILE APP,NTB,18 January 2023,26
ORANGE EVERYDAY,MOBILE APP,Existing,17 January 2023,152
ORANGE EVERYDAY,MOBILE APP,NTB,17 January 2023,36
ORANGE EVERYDAY,MOBILE APP,Existing,16 January 2023,147
ORANGE EVERYDAY,MOBILE APP,NTB,16 January 2023,27
ORANGE EVERYDAY,MOBILE APP,Existing,15 January 2023,120
ORANGE EVERYDAY,MOBILE APP,NTB,15 January 2023,24
ORANGE EVERYDAY,MOBILE APP,Existing,14 January 2023,100
ORANGE EVERYDAY,MOBILE APP,NTB,14 January 2023,19
ORANGE EVERYDAY,MOBILE APP,Existing,13 January 2023,134
ORANGE EVERYDAY,MOBILE APP,NTB,13 January 2023,23
ORANGE EVERYDAY,MOBILE APP,Existing,12 January 2023,132
ORANGE EVERYDAY,MOBILE APP,NTB,12 January 2023,29
ORANGE EVERYDAY,MOBILE APP,Existing,11 January 2023,161
ORANGE EVERYDAY,MOBILE APP,NTB,11 January 2023,21
ORANGE EVERYDAY,MOBILE APP,Existing,10 January 2023,149
ORANGE EVERYDAY,MOBILE APP,NTB,10 January 2023,24
ORANGE EVERYDAY,MOBILE APP,Existing,9 January 2023,113
ORANGE EVERYDAY,MOBILE APP,NTB,9 January 2023,27
ORANGE EVERYDAY,MOBILE APP,Existing,8 January 2023,111
ORANGE EVERYDAY,MOBILE APP,NTB,8 January 2023,13
ORANGE EVERYDAY,MOBILE APP,Existing,7 January 2023,88
ORANGE EVERYDAY,MOBILE APP,NTB,7 January 2023,14
ORANGE EVERYDAY,MOBILE APP,Existing,6 January 2023,131
ORANGE EVERYDAY,MOBILE APP,NTB,6 January 2023,20
ORANGE EVERYDAY,MOBILE APP,Existing,5 January 2023,179
ORANGE EVERYDAY,MOBILE APP,NTB,5 January 2023,27
ORANGE EVERYDAY,MOBILE APP,Existing,4 January 2023,156
ORANGE EVERYDAY,MOBILE APP,NTB,4 January 2023,18
ORANGE EVERYDAY,MOBILE APP,Existing,3 January 2023,165
ORANGE EVERYDAY,MOBILE APP,NTB,3 January 2023,24
ORANGE EVERYDAY,MOBILE APP,Existing,2 January 2023,136
ORANGE EVERYDAY,MOBILE APP,NTB,2 January 2023,24
ORANGE EVERYDAY,MOBILE APP,Existing,1 January 2023,75
ORANGE EVERYDAY,MOBILE APP,NTB,1 January 2023,19
ORANGE EVERYDAY,MOBILE APP,Existing,31 December 2022,54
ORANGE EVERYDAY,MOBILE APP,NTB,31 December 2022,16
ORANGE EVERYDAY,MOBILE APP,Existing,30 December 2022,110
ORANGE EVERYDAY,MOBILE APP,NTB,30 December 2022,21
ORANGE EVERYDAY,MOBILE APP,Existing,29 December 2022,121
ORANGE EVERYDAY,MOBILE APP,NTB,29 December 2022,26
ORANGE EVERYDAY,MOBILE APP,Existing,28 December 2022,111
ORANGE EVERYDAY,MOBILE APP,NTB,28 December 2022,17
ORANGE EVERYDAY,MOBILE APP,Existing,27 December 2022,75
ORANGE EVERYDAY,MOBILE APP,NTB,27 December 2022,14
ORANGE EVERYDAY,MOBILE APP,Existing,26 December 2022,56
ORANGE EVERYDAY,MOBILE APP,NTB,26 December 2022,9
ORANGE EVERYDAY,MOBILE APP,Existing,25 December 2022,32
ORANGE EVERYDAY,MOBILE APP,NTB,25 December 2022,4
ORANGE EVERYDAY,MOBILE APP,Existing,24 December 2022,46
ORANGE EVERYDAY,MOBILE APP,NTB,24 December 2022,8
ORANGE EVERYDAY,MOBILE APP,Existing,23 December 2022,55
ORANGE EVERYDAY,MOBILE APP,NTB,23 December 2022,11
ORANGE EVERYDAY,MOBILE APP,Existing,22 December 2022,81
ORANGE EVERYDAY,MOBILE APP,NTB,22 December 2022,8
ORANGE EVERYDAY,MOBILE APP,Existing,21 December 2022,77
ORANGE EVERYDAY,MOBILE APP,NTB,21 December 2022,15
ORANGE EVERYDAY,MOBILE APP,Existing,20 December 2022,63
ORANGE EVERYDAY,MOBILE APP,NTB,20 December 2022,13
ORANGE EVERYDAY,MOBILE APP,Existing,19 December 2022,81
ORANGE EVERYDAY,MOBILE APP,NTB,19 December 2022,15
ORANGE EVERYDAY,MOBILE APP,Existing,18 December 2022,64
ORANGE EVERYDAY,MOBILE APP,NTB,18 December 2022,15
ORANGE EVERYDAY,MOBILE APP,Existing,17 December 2022,61
ORANGE EVERYDAY,MOBILE APP,NTB,17 December 2022,4
ORANGE EVERYDAY,MOBILE APP,Existing,16 December 2022,79
ORANGE EVERYDAY,MOBILE APP,NTB,16 December 2022,15
ORANGE EVERYDAY,MOBILE APP,Existing,15 December 2022,94
ORANGE EVERYDAY,MOBILE APP,NTB,15 December 2022,18
ORANGE EVERYDAY,MOBILE APP,Existing,14 December 2022,98
ORANGE EVERYDAY,MOBILE APP,NTB,14 December 2022,23
ORANGE EVERYDAY,MOBILE APP,Existing,13 December 2022,99
ORANGE EVERYDAY,MOBILE APP,NTB,13 December 2022,15
ORANGE EVERYDAY,MOBILE APP,Existing,12 December 2022,116
ORANGE EVERYDAY,MOBILE APP,NTB,12 December 2022,16
ORANGE EVERYDAY,MOBILE APP,Existing,11 December 2022,75
ORANGE EVERYDAY,MOBILE APP,NTB,11 December 2022,11
ORANGE EVERYDAY,MOBILE APP,Existing,10 December 2022,57
ORANGE EVERYDAY,MOBILE APP,NTB,10 December 2022,7
ORANGE EVERYDAY,MOBILE APP,Existing,9 December 2022,83
ORANGE EVERYDAY,MOBILE APP,NTB,9 December 2022,12
ORANGE EVERYDAY,MOBILE APP,Existing,8 December 2022,150
ORANGE EVERYDAY,MOBILE APP,NTB,8 December 2022,18
ORANGE EVERYDAY,MOBILE APP,Existing,7 December 2022,100
ORANGE EVERYDAY,MOBILE APP,NTB,7 December 2022,16
ORANGE EVERYDAY,MOBILE APP,Existing,6 December 2022,99
ORANGE EVERYDAY,MOBILE APP,NTB,6 December 2022,16
ORANGE EVERYDAY,MOBILE APP,Existing,5 December 2022,79
ORANGE EVERYDAY,MOBILE APP,NTB,5 December 2022,22
ORANGE EVERYDAY,MOBILE APP,Existing,4 December 2022,63
ORANGE EVERYDAY,MOBILE APP,NTB,4 December 2022,13
ORANGE EVERYDAY,MOBILE APP,Existing,3 December 2022,47
ORANGE EVERYDAY,MOBILE APP,NTB,3 December 2022,16
ORANGE EVERYDAY,MOBILE APP,Existing,2 December 2022,64
ORANGE EVERYDAY,MOBILE APP,NTB,2 December 2022,16
ORANGE EVERYDAY,MOBILE APP,Existing,1 December 2022,107
ORANGE EVERYDAY,MOBILE APP,NTB,1 December 2022,15
ORANGE EVERYDAY,MOBILE APP,Existing,30 November 2022,98
ORANGE EVERYDAY,MOBILE APP,NTB,30 November 2022,15
ORANGE EVERYDAY,MOBILE APP,Existing,29 November 2022,95
ORANGE EVERYDAY,MOBILE APP,NTB,29 November 2022,21
ORANGE EVERYDAY,MOBILE APP,Existing,28 November 2022,102
ORANGE EVERYDAY,MOBILE APP,NTB,28 November 2022,18
ORANGE EVERYDAY,MOBILE APP,Existing,27 November 2022,79
ORANGE EVERYDAY,MOBILE APP,NTB,27 November 2022,12
ORANGE EVERYDAY,MOBILE APP,Existing,26 November 2022,58
ORANGE EVERYDAY,MOBILE APP,NTB,26 November 2022,10
ORANGE EVERYDAY,MOBILE APP,Existing,25 November 2022,70
ORANGE EVERYDAY,MOBILE APP,NTB,25 November 2022,16
ORANGE EVERYDAY,MOBILE APP,Existing,24 November 2022,87
ORANGE EVERYDAY,MOBILE APP,NTB,24 November 2022,13
ORANGE EVERYDAY,MOBILE APP,Existing,23 November 2022,98
ORANGE EVERYDAY,MOBILE APP,NTB,23 November 2022,19
ORANGE EVERYDAY,MOBILE APP,Existing,22 November 2022,96
ORANGE EVERYDAY,MOBILE APP,NTB,22 November 2022,15
ORANGE EVERYDAY,MOBILE APP,Existing,21 November 2022,92
ORANGE EVERYDAY,MOBILE APP,NTB,21 November 2022,20
ORANGE EVERYDAY,MOBILE APP,Existing,20 November 2022,84
ORANGE EVERYDAY,MOBILE APP,NTB,20 November 2022,15
ORANGE EVERYDAY,MOBILE APP,Existing,19 November 2022,66
ORANGE EVERYDAY,MOBILE APP,NTB,19 November 2022,21
ORANGE EVERYDAY,MOBILE APP,Existing,18 November 2022,77
ORANGE EVERYDAY,MOBILE APP,NTB,18 November 2022,18
ORANGE EVERYDAY,MOBILE APP,Existing,17 November 2022,101
ORANGE EVERYDAY,MOBILE APP,NTB,17 November 2022,22
ORANGE EVERYDAY,ONLINE,Existing,13 February 2023,170
ORANGE EVERYDAY,ONLINE,NTB,13 February 2023,491
ORANGE EVERYDAY,ONLINE,Existing,12 February 2023,112
ORANGE EVERYDAY,ONLINE,NTB,12 February 2023,327
ORANGE EVERYDAY,ONLINE,Existing,11 February 2023,81
ORANGE EVERYDAY,ONLINE,NTB,11 February 2023,281
ORANGE EVERYDAY,ONLINE,Existing,10 February 2023,136
ORANGE EVERYDAY,ONLINE,NTB,10 February 2023,444
ORANGE EVERYDAY,ONLINE,Existing,9 February 2023,117
ORANGE EVERYDAY,ONLINE,NTB,9 February 2023,464
ORANGE EVERYDAY,ONLINE,Existing,8 February 2023,139
ORANGE EVERYDAY,ONLINE,NTB,8 February 2023,454
ORANGE EVERYDAY,ONLINE,Existing,7 February 2023,152
ORANGE EVERYDAY,ONLINE,NTB,7 February 2023,506
ORANGE EVERYDAY,ONLINE,Existing,6 February 2023,169
ORANGE EVERYDAY,ONLINE,NTB,6 February 2023,463
ORANGE EVERYDAY,ONLINE,Existing,5 February 2023,134
ORANGE EVERYDAY,ONLINE,NTB,5 February 2023,342
ORANGE EVERYDAY,ONLINE,Existing,4 February 2023,107
ORANGE EVERYDAY,ONLINE,NTB,4 February 2023,317
ORANGE EVERYDAY,ONLINE,Existing,3 February 2023,125
ORANGE EVERYDAY,ONLINE,NTB,3 February 2023,364
ORANGE EVERYDAY,ONLINE,Existing,2 February 2023,140
ORANGE EVERYDAY,ONLINE,NTB,2 February 2023,431
ORANGE EVERYDAY,ONLINE,Existing,1 February 2023,144
ORANGE EVERYDAY,ONLINE,NTB,1 February 2023,472
ORANGE EVERYDAY,ONLINE,Existing,31 January 2023,159
ORANGE EVERYDAY,ONLINE,NTB,31 January 2023,481
ORANGE EVERYDAY,ONLINE,Existing,30 January 2023,159
ORANGE EVERYDAY,ONLINE,NTB,30 January 2023,473
ORANGE EVERYDAY,ONLINE,Existing,29 January 2023,90
ORANGE EVERYDAY,ONLINE,NTB,29 January 2023,315
ORANGE EVERYDAY,ONLINE,Existing,28 January 2023,74
ORANGE EVERYDAY,ONLINE,NTB,28 January 2023,256
ORANGE EVERYDAY,ONLINE,Existing,27 January 2023,121
ORANGE EVERYDAY,ONLINE,NTB,27 January 2023,369
ORANGE EVERYDAY,ONLINE,Existing,26 January 2023,121
ORANGE EVERYDAY,ONLINE,NTB,26 January 2023,299
ORANGE EVERYDAY,ONLINE,Existing,25 January 2023,116
ORANGE EVERYDAY,ONLINE,NTB,25 January 2023,415
ORANGE EVERYDAY,ONLINE,Existing,24 January 2023,138
ORANGE EVERYDAY,ONLINE,NTB,24 January 2023,497
ORANGE EVERYDAY,ONLINE,Existing,23 January 2023,171
ORANGE EVERYDAY,ONLINE,NTB,23 January 2023,466
ORANGE EVERYDAY,ONLINE,Existing,22 January 2023,116
ORANGE EVERYDAY,ONLINE,NTB,22 January 2023,324
ORANGE EVERYDAY,ONLINE,Existing,21 January 2023,100
ORANGE EVERYDAY,ONLINE,NTB,21 January 2023,252
ORANGE EVERYDAY,ONLINE,Existing,20 January 2023,113
ORANGE EVERYDAY,ONLINE,NTB,20 January 2023,441
ORANGE EVERYDAY,ONLINE,Existing,19 January 2023,142
ORANGE EVERYDAY,ONLINE,NTB,19 January 2023,360
ORANGE EVERYDAY,ONLINE,Existing,18 January 2023,156
ORANGE EVERYDAY,ONLINE,NTB,18 January 2023,437
ORANGE EVERYDAY,ONLINE,Existing,17 January 2023,167
ORANGE EVERYDAY,ONLINE,NTB,17 January 2023,483
ORANGE EVERYDAY,ONLINE,Existing,16 January 2023,184
ORANGE EVERYDAY,ONLINE,NTB,16 January 2023,535
ORANGE EVERYDAY,ONLINE,Existing,15 January 2023,113
ORANGE EVERYDAY,ONLINE,NTB,15 January 2023,326
ORANGE EVERYDAY,ONLINE,Existing,14 January 2023,91
ORANGE EVERYDAY,ONLINE,NTB,14 January 2023,311
ORANGE EVERYDAY,ONLINE,Existing,13 January 2023,144
ORANGE EVERYDAY,ONLINE,NTB,13 January 2023,413
ORANGE EVERYDAY,ONLINE,Existing,12 January 2023,143
ORANGE EVERYDAY,ONLINE,NTB,12 January 2023,500
ORANGE EVERYDAY,ONLINE,Existing,11 January 2023,204
ORANGE EVERYDAY,ONLINE,NTB,11 January 2023,532
ORANGE EVERYDAY,ONLINE,Existing,10 January 2023,160
ORANGE EVERYDAY,ONLINE,NTB,10 January 2023,522
ORANGE EVERYDAY,ONLINE,Existing,9 January 2023,173
ORANGE EVERYDAY,ONLINE,NTB,9 January 2023,500
ORANGE EVERYDAY,ONLINE,Existing,8 January 2023,112
ORANGE EVERYDAY,ONLINE,NTB,8 January 2023,269
ORANGE EVERYDAY,ONLINE,Existing,7 January 2023,103
ORANGE EVERYDAY,ONLINE,NTB,7 January 2023,314
ORANGE EVERYDAY,ONLINE,Existing,6 January 2023,159
ORANGE EVERYDAY,ONLINE,NTB,6 January 2023,508
ORANGE EVERYDAY,ONLINE,Existing,5 January 2023,171
ORANGE EVERYDAY,ONLINE,NTB,5 January 2023,556
ORANGE EVERYDAY,ONLINE,Existing,4 January 2023,194
ORANGE EVERYDAY,ONLINE,NTB,4 January 2023,491
ORANGE EVERYDAY,ONLINE,Existing,3 January 2023,172
ORANGE EVERYDAY,ONLINE,NTB,3 January 2023,461
ORANGE EVERYDAY,ONLINE,Existing,2 January 2023,114
ORANGE EVERYDAY,ONLINE,NTB,2 January 2023,322
ORANGE EVERYDAY,ONLINE,Existing,1 January 2023,81
ORANGE EVERYDAY,ONLINE,NTB,1 January 2023,226
ORANGE EVERYDAY,ONLINE,Existing,31 December 2022,61
ORANGE EVERYDAY,ONLINE,NTB,31 December 2022,192
ORANGE EVERYDAY,ONLINE,Existing,30 December 2022,102
ORANGE EVERYDAY,ONLINE,NTB,30 December 2022,352
ORANGE EVERYDAY,ONLINE,Existing,29 December 2022,107
ORANGE EVERYDAY,ONLINE,NTB,29 December 2022,394
ORANGE EVERYDAY,ONLINE,Existing,28 December 2022,118
ORANGE EVERYDAY,ONLINE,NTB,28 December 2022,344
ORANGE EVERYDAY,ONLINE,Existing,27 December 2022,63
ORANGE EVERYDAY,ONLINE,NTB,27 December 2022,223
ORANGE EVERYDAY,ONLINE,Existing,26 December 2022,35
ORANGE EVERYDAY,ONLINE,NTB,26 December 2022,151
ORANGE EVERYDAY,ONLINE,Existing,25 December 2022,22
ORANGE EVERYDAY,ONLINE,NTB,25 December 2022,88
ORANGE EVERYDAY,ONLINE,Existing,24 December 2022,34
ORANGE EVERYDAY,ONLINE,NTB,24 December 2022,126
ORANGE EVERYDAY,ONLINE,Existing,23 December 2022,70
ORANGE EVERYDAY,ONLINE,NTB,23 December 2022,244
ORANGE EVERYDAY,ONLINE,Existing,22 December 2022,95
ORANGE EVERYDAY,ONLINE,NTB,22 December 2022,276
ORANGE EVERYDAY,ONLINE,Existing,21 December 2022,102
ORANGE EVERYDAY,ONLINE,NTB,21 December 2022,325
ORANGE EVERYDAY,ONLINE,Existing,20 December 2022,85
ORANGE EVERYDAY,ONLINE,NTB,20 December 2022,312
ORANGE EVERYDAY,ONLINE,Existing,19 December 2022,100
ORANGE EVERYDAY,ONLINE,NTB,19 December 2022,325
ORANGE EVERYDAY,ONLINE,Existing,18 December 2022,58
ORANGE EVERYDAY,ONLINE,NTB,18 December 2022,207
ORANGE EVERYDAY,ONLINE,Existing,17 December 2022,44
ORANGE EVERYDAY,ONLINE,NTB,17 December 2022,207
ORANGE EVERYDAY,ONLINE,Existing,16 December 2022,94
ORANGE EVERYDAY,ONLINE,NTB,16 December 2022,262
ORANGE EVERYDAY,ONLINE,Existing,15 December 2022,96
ORANGE EVERYDAY,ONLINE,NTB,15 December 2022,326
ORANGE EVERYDAY,ONLINE,Existing,14 December 2022,126
ORANGE EVERYDAY,ONLINE,NTB,14 December 2022,383
ORANGE EVERYDAY,ONLINE,Existing,13 December 2022,112
ORANGE EVERYDAY,ONLINE,NTB,13 December 2022,387
ORANGE EVERYDAY,ONLINE,Existing,12 December 2022,128
ORANGE EVERYDAY,ONLINE,NTB,12 December 2022,417
ORANGE EVERYDAY,ONLINE,Existing,11 December 2022,60
ORANGE EVERYDAY,ONLINE,NTB,11 December 2022,251
ORANGE EVERYDAY,ONLINE,Existing,10 December 2022,72
ORANGE EVERYDAY,ONLINE,NTB,10 December 2022,212
ORANGE EVERYDAY,ONLINE,Existing,9 December 2022,93
ORANGE EVERYDAY,ONLINE,NTB,9 December 2022,300
ORANGE EVERYDAY,ONLINE,Existing,8 December 2022,118
ORANGE EVERYDAY,ONLINE,NTB,8 December 2022,437
ORANGE EVERYDAY,ONLINE,Existing,7 December 2022,95
ORANGE EVERYDAY,ONLINE,NTB,7 December 2022,418
ORANGE EVERYDAY,ONLINE,Existing,6 December 2022,121
ORANGE EVERYDAY,ONLINE,NTB,6 December 2022,386
ORANGE EVERYDAY,ONLINE,Existing,5 December 2022,130
ORANGE EVERYDAY,ONLINE,NTB,5 December 2022,392
ORANGE EVERYDAY,ONLINE,Existing,4 December 2022,82
ORANGE EVERYDAY,ONLINE,NTB,4 December 2022,204
ORANGE EVERYDAY,ONLINE,Existing,3 December 2022,68
ORANGE EVERYDAY,ONLINE,NTB,3 December 2022,212
ORANGE EVERYDAY,ONLINE,Existing,2 December 2022,81
ORANGE EVERYDAY,ONLINE,NTB,2 December 2022,297
ORANGE EVERYDAY,ONLINE,Existing,1 December 2022,94
ORANGE EVERYDAY,ONLINE,NTB,1 December 2022,336
ORANGE EVERYDAY,ONLINE,Existing,30 November 2022,110
ORANGE EVERYDAY,ONLINE,NTB,30 November 2022,321
ORANGE EVERYDAY,ONLINE,Existing,29 November 2022,127
ORANGE EVERYDAY,ONLINE,NTB,29 November 2022,380
ORANGE EVERYDAY,ONLINE,Existing,28 November 2022,116
ORANGE EVERYDAY,ONLINE,NTB,28 November 2022,375
ORANGE EVERYDAY,ONLINE,Existing,27 November 2022,65
ORANGE EVERYDAY,ONLINE,NTB,27 November 2022,263
ORANGE EVERYDAY,ONLINE,Existing,26 November 2022,57
ORANGE EVERYDAY,ONLINE,NTB,26 November 2022,196
ORANGE EVERYDAY,ONLINE,Existing,25 November 2022,97
ORANGE EVERYDAY,ONLINE,NTB,25 November 2022,361
ORANGE EVERYDAY,ONLINE,Existing,24 November 2022,91
ORANGE EVERYDAY,ONLINE,NTB,24 November 2022,291
ORANGE EVERYDAY,ONLINE,Existing,23 November 2022,118
ORANGE EVERYDAY,ONLINE,NTB,23 November 2022,398
ORANGE EVERYDAY,ONLINE,Existing,22 November 2022,121
ORANGE EVERYDAY,ONLINE,NTB,22 November 2022,384
ORANGE EVERYDAY,ONLINE,Existing,21 November 2022,145
ORANGE EVERYDAY,ONLINE,NTB,21 November 2022,466
ORANGE EVERYDAY,ONLINE,Existing,20 November 2022,92
ORANGE EVERYDAY,ONLINE,NTB,20 November 2022,297
ORANGE EVERYDAY,ONLINE,Existing,19 November 2022,70
ORANGE EVERYDAY,ONLINE,NTB,19 November 2022,275
ORANGE EVERYDAY,ONLINE,Existing,18 November 2022,92
ORANGE EVERYDAY,ONLINE,NTB,18 November 2022,359
ORANGE EVERYDAY,ONLINE,Existing,17 November 2022,100
ORANGE EVERYDAY,ONLINE,NTB,17 November 2022,381
ORANGE ONE,MOBILE APP,Existing,13 February 2023,23
ORANGE ONE,MOBILE APP,NTB,13 February 2023,1
ORANGE ONE,MOBILE APP,Existing,12 February 2023,9
ORANGE ONE,MOBILE APP,Existing,10 February 2023,10
ORANGE ONE,MOBILE APP,Existing,9 February 2023,13
ORANGE ONE,MOBILE APP,Existing,8 February 2023,21
ORANGE ONE,MOBILE APP,NTB,8 February 2023,1
ORANGE ONE,MOBILE APP,Existing,7 February 2023,21
ORANGE ONE,MOBILE APP,Existing,6 February 2023,21
ORANGE ONE,MOBILE APP,NTB,6 February 2023,1
ORANGE ONE,MOBILE APP,Existing,5 February 2023,4
ORANGE ONE,MOBILE APP,Existing,4 February 2023,3
ORANGE ONE,MOBILE APP,Existing,3 February 2023,22
ORANGE ONE,MOBILE APP,Existing,2 February 2023,18
ORANGE ONE,MOBILE APP,NTB,2 February 2023,1
ORANGE ONE,MOBILE APP,Existing,1 February 2023,25
ORANGE ONE,MOBILE APP,Existing,31 January 2023,24
ORANGE ONE,MOBILE APP,Existing,30 January 2023,19
ORANGE ONE,MOBILE APP,NTB,30 January 2023,2
ORANGE ONE,MOBILE APP,Existing,29 January 2023,6
ORANGE ONE,MOBILE APP,Existing,27 January 2023,22
ORANGE ONE,MOBILE APP,NTB,27 January 2023,1
ORANGE ONE,MOBILE APP,Existing,25 January 2023,22
ORANGE ONE,MOBILE APP,NTB,25 January 2023,1
ORANGE ONE,MOBILE APP,Existing,24 January 2023,20
ORANGE ONE,MOBILE APP,Existing,23 January 2023,20
ORANGE ONE,MOBILE APP,Existing,20 January 2023,22
ORANGE ONE,MOBILE APP,NTB,20 January 2023,1
ORANGE ONE,MOBILE APP,Existing,19 January 2023,31
ORANGE ONE,MOBILE APP,NTB,19 January 2023,2
ORANGE ONE,MOBILE APP,Existing,18 January 2023,29
ORANGE ONE,MOBILE APP,NTB,18 January 2023,1
ORANGE ONE,MOBILE APP,Existing,17 January 2023,35
ORANGE ONE,MOBILE APP,NTB,17 January 2023,2
ORANGE ONE,MOBILE APP,Existing,16 January 2023,31
ORANGE ONE,MOBILE APP,Existing,14 January 2023,2
ORANGE ONE,MOBILE APP,Existing,13 January 2023,29
ORANGE ONE,MOBILE APP,Existing,12 January 2023,30
ORANGE ONE,MOBILE APP,Existing,11 January 2023,43
ORANGE ONE,MOBILE APP,NTB,11 January 2023,2
ORANGE ONE,MOBILE APP,Existing,10 January 2023,25
ORANGE ONE,MOBILE APP,Existing,9 January 2023,37
ORANGE ONE,MOBILE APP,NTB,9 January 2023,2
ORANGE ONE,MOBILE APP,Existing,7 January 2023,4
ORANGE ONE,MOBILE APP,Existing,6 January 2023,31
ORANGE ONE,MOBILE APP,Existing,5 January 2023,25
ORANGE ONE,MOBILE APP,NTB,5 January 2023,4
ORANGE ONE,MOBILE APP,Existing,4 January 2023,21
ORANGE ONE,MOBILE APP,Existing,3 January 2023,27
ORANGE ONE,MOBILE APP,Existing,31 December 2022,9
ORANGE ONE,MOBILE APP,Existing,30 December 2022,17
ORANGE ONE,MOBILE APP,NTB,30 December 2022,1
ORANGE ONE,MOBILE APP,Existing,29 December 2022,23
ORANGE ONE,MOBILE APP,Existing,28 December 2022,9
ORANGE ONE,MOBILE APP,Existing,24 December 2022,1
ORANGE ONE,MOBILE APP,Existing,23 December 2022,11
ORANGE ONE,MOBILE APP,Existing,22 December 2022,27
ORANGE ONE,MOBILE APP,Existing,21 December 2022,45
ORANGE ONE,MOBILE APP,NTB,21 December 2022,3
ORANGE ONE,MOBILE APP,Existing,20 December 2022,27
ORANGE ONE,MOBILE APP,Existing,19 December 2022,38
ORANGE ONE,MOBILE APP,Existing,18 December 2022,9
ORANGE ONE,MOBILE APP,Existing,17 December 2022,8
ORANGE ONE,MOBILE APP,Existing,16 December 2022,37
ORANGE ONE,MOBILE APP,Existing,15 December 2022,24
ORANGE ONE,MOBILE APP,Existing,14 December 2022,57
ORANGE ONE,MOBILE APP,Existing,13 December 2022,50
ORANGE ONE,MOBILE APP,NTB,13 December 2022,1
ORANGE ONE,MOBILE APP,Existing,12 December 2022,42
ORANGE ONE,MOBILE APP,NTB,12 December 2022,1
ORANGE ONE,MOBILE APP,Existing,11 December 2022,10
ORANGE ONE,MOBILE APP,Existing,10 December 2022,7
ORANGE ONE,MOBILE APP,Existing,9 December 2022,40
ORANGE ONE,MOBILE APP,Existing,8 December 2022,62
ORANGE ONE,MOBILE APP,Existing,7 December 2022,52
ORANGE ONE,MOBILE APP,NTB,7 December 2022,3
ORANGE ONE,MOBILE APP,Existing,6 December 2022,58
ORANGE ONE,MOBILE APP,Existing,5 December 2022,52
ORANGE ONE,MOBILE APP,Existing,4 December 2022,10
ORANGE ONE,MOBILE APP,Existing,3 December 2022,12
ORANGE ONE,MOBILE APP,Existing,2 December 2022,60
ORANGE ONE,MOBILE APP,Existing,1 December 2022,46
ORANGE ONE,MOBILE APP,NTB,1 December 2022,2
ORANGE ONE,MOBILE APP,Existing,30 November 2022,52
ORANGE ONE,MOBILE APP,Existing,29 November 2022,53
ORANGE ONE,MOBILE APP,NTB,29 November 2022,1
ORANGE ONE,MOBILE APP,Existing,28 November 2022,49
ORANGE ONE,MOBILE APP,NTB,28 November 2022,4
ORANGE ONE,MOBILE APP,Existing,27 November 2022,13
ORANGE ONE,MOBILE APP,Existing,26 November 2022,4
ORANGE ONE,MOBILE APP,Existing,25 November 2022,49
ORANGE ONE,MOBILE APP,Existing,24 November 2022,69
ORANGE ONE,MOBILE APP,Existing,23 November 2022,45
ORANGE ONE,MOBILE APP,Existing,22 November 2022,44
ORANGE ONE,MOBILE APP,NTB,22 November 2022,2
ORANGE ONE,MOBILE APP,Existing,21 November 2022,51
ORANGE ONE,MOBILE APP,Existing,20 November 2022,23
ORANGE ONE,MOBILE APP,Existing,19 November 2022,15
ORANGE ONE,MOBILE APP,Existing,18 November 2022,75
ORANGE ONE,MOBILE APP,NTB,18 November 2022,2
ORANGE ONE,MOBILE APP,Existing,17 November 2022,48
ORANGE ONE,ONLINE,Existing,13 February 2023,36
ORANGE ONE,ONLINE,NTB,13 February 2023,5
ORANGE ONE,ONLINE,Existing,12 February 2023,12
ORANGE ONE,ONLINE,Existing,10 February 2023,14
ORANGE ONE,ONLINE,NTB,10 February 2023,3
ORANGE ONE,ONLINE,Existing,9 February 2023,22
ORANGE ONE,ONLINE,NTB,9 February 2023,3
ORANGE ONE,ONLINE,Existing,8 February 2023,29
ORANGE ONE,ONLINE,NTB,8 February 2023,7
ORANGE ONE,ONLINE,Existing,7 February 2023,32
ORANGE ONE,ONLINE,NTB,7 February 2023,1
ORANGE ONE,ONLINE,Existing,6 February 2023,37
ORANGE ONE,ONLINE,NTB,6 February 2023,5
ORANGE ONE,ONLINE,Existing,5 February 2023,5
ORANGE ONE,ONLINE,Existing,4 February 2023,3
ORANGE ONE,ONLINE,Existing,3 February 2023,33
ORANGE ONE,ONLINE,NTB,3 February 2023,2
ORANGE ONE,ONLINE,Existing,2 February 2023,43
ORANGE ONE,ONLINE,NTB,2 February 2023,1
ORANGE ONE,ONLINE,Existing,1 February 2023,30
ORANGE ONE,ONLINE,NTB,1 February 2023,1
ORANGE ONE,ONLINE,Existing,31 January 2023,38
ORANGE ONE,ONLINE,NTB,31 January 2023,3
ORANGE ONE,ONLINE,Existing,30 January 2023,37
ORANGE ONE,ONLINE,NTB,30 January 2023,4
ORANGE ONE,ONLINE,Existing,29 January 2023,12
ORANGE ONE,ONLINE,Existing,27 January 2023,33
ORANGE ONE,ONLINE,NTB,27 January 2023,6
ORANGE ONE,ONLINE,Existing,25 January 2023,43
ORANGE ONE,ONLINE,NTB,25 January 2023,3
ORANGE ONE,ONLINE,Existing,24 January 2023,35
ORANGE ONE,ONLINE,NTB,24 January 2023,9
ORANGE ONE,ONLINE,Existing,23 January 2023,39
ORANGE ONE,ONLINE,NTB,23 January 2023,1
ORANGE ONE,ONLINE,Existing,20 January 2023,43
ORANGE ONE,ONLINE,NTB,20 January 2023,10
ORANGE ONE,ONLINE,Existing,19 January 2023,34
ORANGE ONE,ONLINE,NTB,19 January 2023,9
ORANGE ONE,ONLINE,Existing,18 January 2023,36
ORANGE ONE,ONLINE,Existing,17 January 2023,46
ORANGE ONE,ONLINE,NTB,17 January 2023,10
ORANGE ONE,ONLINE,Existing,16 January 2023,40
ORANGE ONE,ONLINE,Existing,14 January 2023,3
ORANGE ONE,ONLINE,Existing,13 January 2023,37
ORANGE ONE,ONLINE,NTB,13 January 2023,10
ORANGE ONE,ONLINE,Existing,12 January 2023,38
ORANGE ONE,ONLINE,NTB,12 January 2023,1
ORANGE ONE,ONLINE,Existing,11 January 2023,42
ORANGE ONE,ONLINE,NTB,11 January 2023,5
ORANGE ONE,ONLINE,Existing,10 January 2023,28
ORANGE ONE,ONLINE,NTB,10 January 2023,1
ORANGE ONE,ONLINE,Existing,9 January 2023,34
ORANGE ONE,ONLINE,NTB,9 January 2023,2
ORANGE ONE,ONLINE,Existing,7 January 2023,3
ORANGE ONE,ONLINE,Existing,6 January 2023,31
ORANGE ONE,ONLINE,NTB,6 January 2023,1
ORANGE ONE,ONLINE,Existing,5 January 2023,28
ORANGE ONE,ONLINE,NTB,5 January 2023,9
ORANGE ONE,ONLINE,Existing,4 January 2023,23
ORANGE ONE,ONLINE,Existing,3 January 2023,16
ORANGE ONE,ONLINE,Existing,31 December 2022,6
ORANGE ONE,ONLINE,Existing,30 December 2022,8
ORANGE ONE,ONLINE,NTB,30 December 2022,5
ORANGE ONE,ONLINE,Existing,29 December 2022,14
ORANGE ONE,ONLINE,NTB,29 December 2022,6
ORANGE ONE,ONLINE,Existing,28 December 2022,14
ORANGE ONE,ONLINE,Existing,24 December 2022,2
ORANGE ONE,ONLINE,Existing,23 December 2022,14
ORANGE ONE,ONLINE,Existing,22 December 2022,30
ORANGE ONE,ONLINE,NTB,22 December 2022,4
ORANGE ONE,ONLINE,Existing,21 December 2022,30
ORANGE ONE,ONLINE,NTB,21 December 2022,24
ORANGE ONE,ONLINE,Existing,20 December 2022,25
ORANGE ONE,ONLINE,NTB,20 December 2022,1
ORANGE ONE,ONLINE,Existing,19 December 2022,32
ORANGE ONE,ONLINE,NTB,19 December 2022,1
ORANGE ONE,ONLINE,Existing,18 December 2022,3
ORANGE ONE,ONLINE,Existing,17 December 2022,7
ORANGE ONE,ONLINE,Existing,16 December 2022,43
ORANGE ONE,ONLINE,Existing,15 December 2022,35
ORANGE ONE,ONLINE,Existing,14 December 2022,50
ORANGE ONE,ONLINE,NTB,14 December 2022,2
ORANGE ONE,ONLINE,Existing,13 December 2022,45
ORANGE ONE,ONLINE,NTB,13 December 2022,4
ORANGE ONE,ONLINE,Existing,12 December 2022,60
ORANGE ONE,ONLINE,NTB,12 December 2022,8
ORANGE ONE,ONLINE,Existing,11 December 2022,23
ORANGE ONE,ONLINE,Existing,10 December 2022,11
ORANGE ONE,ONLINE,Existing,9 December 2022,35
ORANGE ONE,ONLINE,NTB,9 December 2022,1
ORANGE ONE,ONLINE,Existing,8 December 2022,46
ORANGE ONE,ONLINE,Existing,7 December 2022,46
ORANGE ONE,ONLINE,NTB,7 December 2022,2
ORANGE ONE,ONLINE,Existing,6 December 2022,49
ORANGE ONE,ONLINE,NTB,6 December 2022,1
ORANGE ONE,ONLINE,Existing,5 December 2022,61
ORANGE ONE,ONLINE,NTB,5 December 2022,4
ORANGE ONE,ONLINE,Existing,4 December 2022,13
ORANGE ONE,ONLINE,Existing,3 December 2022,14
ORANGE ONE,ONLINE,Existing,2 December 2022,73
ORANGE ONE,ONLINE,Existing,1 December 2022,69
ORANGE ONE,ONLINE,NTB,1 December 2022,10
ORANGE ONE,ONLINE,Existing,30 November 2022,63
ORANGE ONE,ONLINE,Existing,29 November 2022,61
ORANGE ONE,ONLINE,NTB,29 November 2022,8
ORANGE ONE,ONLINE,Existing,28 November 2022,62
ORANGE ONE,ONLINE,NTB,28 November 2022,10
ORANGE ONE,ONLINE,Existing,27 November 2022,15
ORANGE ONE,ONLINE,Existing,26 November 2022,11
ORANGE ONE,ONLINE,Existing,25 November 2022,54
ORANGE ONE,ONLINE,Existing,24 November 2022,43
ORANGE ONE,ONLINE,NTB,24 November 2022,1
ORANGE ONE,ONLINE,Existing,23 November 2022,51
ORANGE ONE,ONLINE,Existing,22 November 2022,64
ORANGE ONE,ONLINE,NTB,22 November 2022,6
ORANGE ONE,ONLINE,Existing,21 November 2022,63
ORANGE ONE,ONLINE,Existing,20 November 2022,16
ORANGE ONE,ONLINE,Existing,19 November 2022,20
ORANGE ONE,ONLINE,Existing,18 November 2022,63
ORANGE ONE,ONLINE,NTB,18 November 2022,10
ORANGE ONE,ONLINE,Existing,17 November 2022,78
ORANGE ONE,ONLINE,NTB,17 November 2022,2
PERSONAL LOANS,ONLINE,Existing,13 February 2023,36
PERSONAL LOANS,ONLINE,NTB,13 February 2023,4
PERSONAL LOANS,ONLINE,Existing,12 February 2023,7
PERSONAL LOANS,ONLINE,Existing,11 February 2023,5
PERSONAL LOANS,ONLINE,Existing,10 February 2023,16
PERSONAL LOANS,ONLINE,NTB,10 February 2023,1
PERSONAL LOANS,ONLINE,Existing,9 February 2023,20
PERSONAL LOANS,ONLINE,NTB,9 February 2023,3
PERSONAL LOANS,ONLINE,Existing,8 February 2023,42
PERSONAL LOANS,ONLINE,NTB,8 February 2023,5
PERSONAL LOANS,ONLINE,Existing,7 February 2023,47
PERSONAL LOANS,ONLINE,NTB,7 February 2023,1
PERSONAL LOANS,ONLINE,Existing,6 February 2023,45
PERSONAL LOANS,ONLINE,Existing,5 February 2023,5
PERSONAL LOANS,ONLINE,Existing,4 February 2023,12
PERSONAL LOANS,ONLINE,NTB,4 February 2023,1
PERSONAL LOANS,ONLINE,Existing,3 February 2023,41
PERSONAL LOANS,ONLINE,NTB,3 February 2023,6
PERSONAL LOANS,ONLINE,Existing,2 February 2023,44
PERSONAL LOANS,ONLINE,NTB,2 February 2023,2
PERSONAL LOANS,ONLINE,Existing,1 February 2023,48
PERSONAL LOANS,ONLINE,NTB,1 February 2023,5
PERSONAL LOANS,ONLINE,Existing,31 January 2023,41
PERSONAL LOANS,ONLINE,NTB,31 January 2023,2
PERSONAL LOANS,ONLINE,Existing,30 January 2023,41
PERSONAL LOANS,ONLINE,NTB,30 January 2023,2
PERSONAL LOANS,ONLINE,Existing,29 January 2023,12
PERSONAL LOANS,ONLINE,Existing,28 January 2023,5
PERSONAL LOANS,ONLINE,Existing,27 January 2023,41
PERSONAL LOANS,ONLINE,NTB,27 January 2023,1
PERSONAL LOANS,ONLINE,Existing,26 January 2023,11
PERSONAL LOANS,ONLINE,NTB,26 January 2023,1
PERSONAL LOANS,ONLINE,Existing,25 January 2023,61
PERSONAL LOANS,ONLINE,NTB,25 January 2023,5
PERSONAL LOANS,ONLINE,Existing,24 January 2023,39
PERSONAL LOANS,ONLINE,NTB,24 January 2023,6
PERSONAL LOANS,ONLINE,Existing,23 January 2023,45
PERSONAL LOANS,ONLINE,NTB,23 January 2023,1
PERSONAL LOANS,ONLINE,Existing,22 January 2023,6
PERSONAL LOANS,ONLINE,Existing,21 January 2023,5
PERSONAL LOANS,ONLINE,NTB,21 January 2023,1
PERSONAL LOANS,ONLINE,Existing,20 January 2023,50
PERSONAL LOANS,ONLINE,NTB,20 January 2023,4
PERSONAL LOANS,ONLINE,Existing,19 January 2023,54
PERSONAL LOANS,ONLINE,NTB,19 January 2023,4
PERSONAL LOANS,ONLINE,Existing,18 January 2023,40
PERSONAL LOANS,ONLINE,Existing,17 January 2023,37
PERSONAL LOANS,ONLINE,NTB,17 January 2023,8
PERSONAL LOANS,ONLINE,Existing,16 January 2023,36
PERSONAL LOANS,ONLINE,NTB,16 January 2023,1
PERSONAL LOANS,ONLINE,Existing,15 January 2023,5
PERSONAL LOANS,ONLINE,Existing,14 January 2023,6
PERSONAL LOANS,ONLINE,NTB,14 January 2023,1
PERSONAL LOANS,ONLINE,Existing,13 January 2023,43
PERSONAL LOANS,ONLINE,NTB,13 January 2023,6
PERSONAL LOANS,ONLINE,Existing,12 January 2023,53
PERSONAL LOANS,ONLINE,Existing,11 January 2023,42
PERSONAL LOANS,ONLINE,NTB,11 January 2023,4
PERSONAL LOANS,ONLINE,Existing,10 January 2023,45
PERSONAL LOANS,ONLINE,NTB,10 January 2023,1
PERSONAL LOANS,ONLINE,Existing,9 January 2023,45
PERSONAL LOANS,ONLINE,NTB,9 January 2023,4
PERSONAL LOANS,ONLINE,Existing,8 January 2023,1
PERSONAL LOANS,ONLINE,Existing,7 January 2023,13
PERSONAL LOANS,ONLINE,Existing,6 January 2023,39
PERSONAL LOANS,ONLINE,Existing,5 January 2023,33
PERSONAL LOANS,ONLINE,NTB,5 January 2023,2
PERSONAL LOANS,ONLINE,Existing,4 January 2023,28
PERSONAL LOANS,ONLINE,NTB,4 January 2023,1
PERSONAL LOANS,ONLINE,Existing,3 January 2023,29
PERSONAL LOANS,ONLINE,NTB,3 January 2023,1
PERSONAL LOANS,ONLINE,Existing,2 January 2023,4
PERSONAL LOANS,ONLINE,Existing,1 January 2023,5
PERSONAL LOANS,ONLINE,Existing,31 December 2022,6
PERSONAL LOANS,ONLINE,NTB,31 December 2022,2
PERSONAL LOANS,ONLINE,Existing,30 December 2022,18
PERSONAL LOANS,ONLINE,NTB,30 December 2022,5
PERSONAL LOANS,ONLINE,Existing,29 December 2022,18
PERSONAL LOANS,ONLINE,NTB,29 December 2022,5
PERSONAL LOANS,ONLINE,Existing,28 December 2022,10
PERSONAL LOANS,ONLINE,NTB,28 December 2022,1
PERSONAL LOANS,ONLINE,Existing,27 December 2022,2
PERSONAL LOANS,ONLINE,Existing,26 December 2022,2
PERSONAL LOANS,ONLINE,Existing,25 December 2022,1
PERSONAL LOANS,ONLINE,Existing,24 December 2022,7
PERSONAL LOANS,ONLINE,NTB,24 December 2022,1
PERSONAL LOANS,ONLINE,Existing,23 December 2022,21
PERSONAL LOANS,ONLINE,NTB,23 December 2022,1
PERSONAL LOANS,ONLINE,Existing,22 December 2022,50
PERSONAL LOANS,ONLINE,NTB,22 December 2022,7
PERSONAL LOANS,ONLINE,Existing,21 December 2022,44
PERSONAL LOANS,ONLINE,NTB,21 December 2022,11
PERSONAL LOANS,ONLINE,Existing,20 December 2022,36
PERSONAL LOANS,ONLINE,Existing,19 December 2022,39
PERSONAL LOANS,ONLINE,NTB,19 December 2022,3
PERSONAL LOANS,ONLINE,Existing,18 December 2022,9
PERSONAL LOANS,ONLINE,NTB,18 December 2022,1
PERSONAL LOANS,ONLINE,Existing,17 December 2022,9
PERSONAL LOANS,ONLINE,NTB,17 December 2022,1
PERSONAL LOANS,ONLINE,Existing,16 December 2022,45
PERSONAL LOANS,ONLINE,NTB,16 December 2022,3
PERSONAL LOANS,ONLINE,Existing,15 December 2022,27
PERSONAL LOANS,ONLINE,NTB,15 December 2022,1
PERSONAL LOANS,ONLINE,Existing,14 December 2022,57
PERSONAL LOANS,ONLINE,NTB,14 December 2022,1
PERSONAL LOANS,ONLINE,Existing,13 December 2022,53
PERSONAL LOANS,ONLINE,NTB,13 December 2022,5
PERSONAL LOANS,ONLINE,Existing,12 December 2022,66
PERSONAL LOANS,ONLINE,NTB,12 December 2022,10
PERSONAL LOANS,ONLINE,Existing,11 December 2022,10
PERSONAL LOANS,ONLINE,Existing,10 December 2022,15
PERSONAL LOANS,ONLINE,Existing,9 December 2022,27
PERSONAL LOANS,ONLINE,Existing,8 December 2022,43
PERSONAL LOANS,ONLINE,NTB,8 December 2022,2
PERSONAL LOANS,ONLINE,Existing,7 December 2022,42
PERSONAL LOANS,ONLINE,NTB,7 December 2022,1
PERSONAL LOANS,ONLINE,Existing,6 December 2022,33
PERSONAL LOANS,ONLINE,NTB,6 December 2022,5
PERSONAL LOANS,ONLINE,Existing,5 December 2022,50
PERSONAL LOANS,ONLINE,NTB,5 December 2022,9
PERSONAL LOANS,ONLINE,Existing,4 December 2022,12
PERSONAL LOANS,ONLINE,Existing,3 December 2022,5
PERSONAL LOANS,ONLINE,Existing,2 December 2022,35
PERSONAL LOANS,ONLINE,NTB,2 December 2022,2
PERSONAL LOANS,ONLINE,Existing,1 December 2022,45
PERSONAL LOANS,ONLINE,NTB,1 December 2022,3
PERSONAL LOANS,ONLINE,Existing,30 November 2022,44
PERSONAL LOANS,ONLINE,NTB,30 November 2022,1
PERSONAL LOANS,ONLINE,Existing,29 November 2022,34
PERSONAL LOANS,ONLINE,NTB,29 November 2022,8
PERSONAL LOANS,ONLINE,Existing,28 November 2022,53
PERSONAL LOANS,ONLINE,NTB,28 November 2022,11
PERSONAL LOANS,ONLINE,Existing,27 November 2022,14
PERSONAL LOANS,ONLINE,Existing,26 November 2022,6
PERSONAL LOANS,ONLINE,Existing,25 November 2022,37
PERSONAL LOANS,ONLINE,Existing,24 November 2022,32
PERSONAL LOANS,ONLINE,Existing,23 November 2022,34
PERSONAL LOANS,ONLINE,NTB,23 November 2022,1
PERSONAL LOANS,ONLINE,Existing,22 November 2022,34
PERSONAL LOANS,ONLINE,NTB,22 November 2022,9
PERSONAL LOANS,ONLINE,Existing,21 November 2022,40
PERSONAL LOANS,ONLINE,Existing,20 November 2022,19
PERSONAL LOANS,ONLINE,Existing,19 November 2022,9
PERSONAL LOANS,ONLINE,Existing,18 November 2022,27
PERSONAL LOANS,ONLINE,NTB,18 November 2022,6
PERSONAL LOANS,ONLINE,Existing,17 November 2022,40
PTD,MOBILE APP,Existing,13 February 2023,25
PTD,MOBILE APP,Existing,12 February 2023,8
PTD,MOBILE APP,Existing,11 February 2023,14
PTD,MOBILE APP,NTB,11 February 2023,2
PTD,MOBILE APP,Existing,10 February 2023,14
PTD,MOBILE APP,Existing,9 February 2023,25
PTD,MOBILE APP,NTB,9 February 2023,4
PTD,MOBILE APP,Existing,8 February 2023,21
PTD,MOBILE APP,NTB,8 February 2023,1
PTD,MOBILE APP,Existing,7 February 2023,26
PTD,MOBILE APP,Existing,6 February 2023,11
PTD,MOBILE APP,Existing,5 February 2023,16
PTD,MOBILE APP,NTB,5 February 2023,1
PTD,MOBILE APP,Existing,4 February 2023,15
PTD,MOBILE APP,Existing,3 February 2023,21
PTD,MOBILE APP,Existing,2 February 2023,27
PTD,MOBILE APP,Existing,1 February 2023,32
PTD,MOBILE APP,Existing,31 January 2023,27
PTD,MOBILE APP,Existing,30 January 2023,9
PTD,MOBILE APP,NTB,30 January 2023,1
PTD,MOBILE APP,Existing,29 January 2023,9
PTD,MOBILE APP,Existing,28 January 2023,13
PTD,MOBILE APP,NTB,28 January 2023,2
PTD,MOBILE APP,Existing,27 January 2023,13
PTD,MOBILE APP,NTB,27 January 2023,1
PTD,MOBILE APP,Existing,26 January 2023,17
PTD,MOBILE APP,Existing,25 January 2023,11
PTD,MOBILE APP,NTB,25 January 2023,1
PTD,MOBILE APP,Existing,24 January 2023,18
PTD,MOBILE APP,Existing,23 January 2023,23
PTD,MOBILE APP,Existing,22 January 2023,10
PTD,MOBILE APP,Existing,21 January 2023,7
PTD,MOBILE APP,Existing,20 January 2023,15
PTD,MOBILE APP,NTB,20 January 2023,3
PTD,MOBILE APP,Existing,19 January 2023,20
PTD,MOBILE APP,NTB,19 January 2023,1
PTD,MOBILE APP,Existing,18 January 2023,23
PTD,MOBILE APP,Existing,17 January 2023,14
PTD,MOBILE APP,Existing,16 January 2023,23
PTD,MOBILE APP,Existing,15 January 2023,17
PTD,MOBILE APP,Existing,14 January 2023,14
PTD,MOBILE APP,Existing,13 January 2023,26
PTD,MOBILE APP,NTB,13 January 2023,1
PTD,MOBILE APP,Existing,12 January 2023,20
PTD,MOBILE APP,Existing,11 January 2023,25
PTD,MOBILE APP,NTB,11 January 2023,2
PTD,MOBILE APP,Existing,10 January 2023,28
PTD,MOBILE APP,Existing,9 January 2023,24
PTD,MOBILE APP,Existing,8 January 2023,11
PTD,MOBILE APP,Existing,7 January 2023,16
PTD,MOBILE APP,Existing,6 January 2023,21
PTD,MOBILE APP,Existing,5 January 2023,37
PTD,MOBILE APP,NTB,5 January 2023,2
PTD,MOBILE APP,Existing,4 January 2023,30
PTD,MOBILE APP,NTB,4 January 2023,1
PTD,MOBILE APP,Existing,3 January 2023,30
PTD,MOBILE APP,Existing,2 January 2023,23
PTD,MOBILE APP,Existing,1 January 2023,17
PTD,MOBILE APP,Existing,31 December 2022,12
PTD,MOBILE APP,Existing,30 December 2022,28
PTD,MOBILE APP,NTB,30 December 2022,1
PTD,MOBILE APP,Existing,29 December 2022,16
PTD,MOBILE APP,Existing,28 December 2022,20
PTD,MOBILE APP,Existing,27 December 2022,13
PTD,MOBILE APP,Existing,26 December 2022,10
PTD,MOBILE APP,Existing,25 December 2022,7
PTD,MOBILE APP,NTB,25 December 2022,1
PTD,MOBILE APP,Existing,24 December 2022,8
PTD,MOBILE APP,Existing,23 December 2022,16
PTD,MOBILE APP,NTB,23 December 2022,1
PTD,MOBILE APP,Existing,22 December 2022,19
PTD,MOBILE APP,Existing,21 December 2022,26
PTD,MOBILE APP,NTB,21 December 2022,2
PTD,MOBILE APP,Existing,20 December 2022,23
PTD,MOBILE APP,NTB,20 December 2022,1
PTD,MOBILE APP,Existing,19 December 2022,28
PTD,MOBILE APP,NTB,19 December 2022,2
PTD,MOBILE APP,Existing,18 December 2022,8
PTD,MOBILE APP,Existing,17 December 2022,16
PTD,MOBILE APP,Existing,16 December 2022,13
PTD,MOBILE APP,Existing,15 December 2022,27
PTD,MOBILE APP,Existing,14 December 2022,21
PTD,MOBILE APP,NTB,14 December 2022,2
PTD,MOBILE APP,Existing,13 December 2022,32
PTD,MOBILE APP,Existing,12 December 2022,11
PTD,MOBILE APP,Existing,11 December 2022,3
PTD,MOBILE APP,NTB,11 December 2022,1
PTD,MOBILE APP,Existing,10 December 2022,3
PTD,MOBILE APP,Existing,9 December 2022,7
PTD,MOBILE APP,Existing,8 December 2022,7
PTD,MOBILE APP,Existing,7 December 2022,18
PTD,MOBILE APP,Existing,6 December 2022,12
PTD,MOBILE APP,Existing,5 December 2022,10
PTD,MOBILE APP,NTB,5 December 2022,1
PTD,MOBILE APP,Existing,4 December 2022,9
PTD,MOBILE APP,Existing,3 December 2022,8
PTD,MOBILE APP,Existing,2 December 2022,9
PTD,MOBILE APP,Existing,1 December 2022,13
PTD,MOBILE APP,Existing,30 November 2022,9
PTD,MOBILE APP,Existing,29 November 2022,15
PTD,MOBILE APP,NTB,29 November 2022,2
PTD,MOBILE APP,Existing,28 November 2022,14
PTD,MOBILE APP,Existing,27 November 2022,11
PTD,MOBILE APP,Existing,26 November 2022,13
PTD,MOBILE APP,Existing,25 November 2022,7
PTD,MOBILE APP,Existing,24 November 2022,6
PTD,MOBILE APP,Existing,23 November 2022,12
PTD,MOBILE APP,Existing,22 November 2022,12
PTD,MOBILE APP,NTB,22 November 2022,1
PTD,MOBILE APP,Existing,21 November 2022,8
PTD,MOBILE APP,Existing,20 November 2022,15
PTD,MOBILE APP,Existing,19 November 2022,8
PTD,MOBILE APP,Existing,18 November 2022,9
PTD,MOBILE APP,Existing,17 November 2022,15
PTD,ONLINE,Existing,13 February 2023,51
PTD,ONLINE,NTB,13 February 2023,5
PTD,ONLINE,Existing,12 February 2023,26
PTD,ONLINE,NTB,12 February 2023,3
PTD,ONLINE,Existing,11 February 2023,23
PTD,ONLINE,NTB,11 February 2023,3
PTD,ONLINE,Existing,10 February 2023,43
PTD,ONLINE,NTB,10 February 2023,4
PTD,ONLINE,Existing,9 February 2023,48
PTD,ONLINE,NTB,9 February 2023,4
PTD,ONLINE,Existing,8 February 2023,64
PTD,ONLINE,NTB,8 February 2023,8
PTD,ONLINE,Existing,7 February 2023,51
PTD,ONLINE,NTB,7 February 2023,4
PTD,ONLINE,Existing,6 February 2023,44
PTD,ONLINE,NTB,6 February 2023,5
PTD,ONLINE,Existing,5 February 2023,35
PTD,ONLINE,NTB,5 February 2023,5
PTD,ONLINE,Existing,4 February 2023,31
PTD,ONLINE,NTB,4 February 2023,2
PTD,ONLINE,Existing,3 February 2023,43
PTD,ONLINE,NTB,3 February 2023,8
PTD,ONLINE,Existing,2 February 2023,48
PTD,ONLINE,NTB,2 February 2023,3
PTD,ONLINE,Existing,1 February 2023,72
PTD,ONLINE,NTB,1 February 2023,8
PTD,ONLINE,Existing,31 January 2023,48
PTD,ONLINE,NTB,31 January 2023,13
PTD,ONLINE,Existing,30 January 2023,49
PTD,ONLINE,NTB,30 January 2023,4
PTD,ONLINE,Existing,29 January 2023,29
PTD,ONLINE,NTB,29 January 2023,1
PTD,ONLINE,Existing,28 January 2023,27
PTD,ONLINE,NTB,28 January 2023,4
PTD,ONLINE,Existing,27 January 2023,44
PTD,ONLINE,NTB,27 January 2023,7
PTD,ONLINE,Existing,26 January 2023,19
PTD,ONLINE,NTB,26 January 2023,6
PTD,ONLINE,Existing,25 January 2023,54
PTD,ONLINE,NTB,25 January 2023,8
PTD,ONLINE,Existing,24 January 2023,67
PTD,ONLINE,NTB,24 January 2023,6
PTD,ONLINE,Existing,23 January 2023,75
PTD,ONLINE,NTB,23 January 2023,11
PTD,ONLINE,Existing,22 January 2023,33
PTD,ONLINE,NTB,22 January 2023,3
PTD,ONLINE,Existing,21 January 2023,36
PTD,ONLINE,NTB,21 January 2023,3
PTD,ONLINE,Existing,20 January 2023,54
PTD,ONLINE,NTB,20 January 2023,9
PTD,ONLINE,Existing,19 January 2023,81
PTD,ONLINE,NTB,19 January 2023,7
PTD,ONLINE,Existing,18 January 2023,73
PTD,ONLINE,NTB,18 January 2023,7
PTD,ONLINE,Existing,17 January 2023,55
PTD,ONLINE,NTB,17 January 2023,13
PTD,ONLINE,Existing,16 January 2023,72
PTD,ONLINE,NTB,16 January 2023,9
PTD,ONLINE,Existing,15 January 2023,39
PTD,ONLINE,NTB,15 January 2023,6
PTD,ONLINE,Existing,14 January 2023,37
PTD,ONLINE,NTB,14 January 2023,10
PTD,ONLINE,Existing,13 January 2023,56
PTD,ONLINE,NTB,13 January 2023,9
PTD,ONLINE,Existing,12 January 2023,60
PTD,ONLINE,NTB,12 January 2023,11
PTD,ONLINE,Existing,11 January 2023,74
PTD,ONLINE,NTB,11 January 2023,9
PTD,ONLINE,Existing,10 January 2023,85
PTD,ONLINE,NTB,10 January 2023,7
PTD,ONLINE,Existing,9 January 2023,78
PTD,ONLINE,NTB,9 January 2023,7
PTD,ONLINE,Existing,8 January 2023,29
PTD,ONLINE,NTB,8 January 2023,2
PTD,ONLINE,Existing,7 January 2023,36
PTD,ONLINE,NTB,7 January 2023,5
PTD,ONLINE,Existing,6 January 2023,62
PTD,ONLINE,NTB,6 January 2023,11
PTD,ONLINE,Existing,5 January 2023,73
PTD,ONLINE,NTB,5 January 2023,10
PTD,ONLINE,Existing,4 January 2023,94
PTD,ONLINE,NTB,4 January 2023,7
PTD,ONLINE,Existing,3 January 2023,73
PTD,ONLINE,NTB,3 January 2023,6
PTD,ONLINE,Existing,2 January 2023,40
PTD,ONLINE,NTB,2 January 2023,4
PTD,ONLINE,Existing,1 January 2023,32
PTD,ONLINE,NTB,1 January 2023,2
PTD,ONLINE,Existing,31 December 2022,30
PTD,ONLINE,NTB,31 December 2022,5
PTD,ONLINE,Existing,30 December 2022,48
PTD,ONLINE,NTB,30 December 2022,10
PTD,ONLINE,Existing,29 December 2022,47
PTD,ONLINE,NTB,29 December 2022,9
PTD,ONLINE,Existing,28 December 2022,54
PTD,ONLINE,NTB,28 December 2022,11
PTD,ONLINE,Existing,27 December 2022,21
PTD,ONLINE,NTB,27 December 2022,2
PTD,ONLINE,Existing,26 December 2022,27
PTD,ONLINE,Existing,25 December 2022,9
PTD,ONLINE,NTB,25 December 2022,2
PTD,ONLINE,Existing,24 December 2022,16
PTD,ONLINE,NTB,24 December 2022,2
PTD,ONLINE,Existing,23 December 2022,59
PTD,ONLINE,NTB,23 December 2022,4
PTD,ONLINE,Existing,22 December 2022,75
PTD,ONLINE,NTB,22 December 2022,5
PTD,ONLINE,Existing,21 December 2022,70
PTD,ONLINE,NTB,21 December 2022,13
PTD,ONLINE,Existing,20 December 2022,76
PTD,ONLINE,NTB,20 December 2022,7
PTD,ONLINE,Existing,19 December 2022,64
PTD,ONLINE,NTB,19 December 2022,6
PTD,ONLINE,Existing,18 December 2022,30
PTD,ONLINE,Existing,17 December 2022,42
PTD,ONLINE,NTB,17 December 2022,3
PTD,ONLINE,Existing,16 December 2022,64
PTD,ONLINE,NTB,16 December 2022,3
PTD,ONLINE,Existing,15 December 2022,85
PTD,ONLINE,NTB,15 December 2022,5
PTD,ONLINE,Existing,14 December 2022,78
PTD,ONLINE,NTB,14 December 2022,9
PTD,ONLINE,Existing,13 December 2022,113
PTD,ONLINE,NTB,13 December 2022,1
PTD,ONLINE,Existing,12 December 2022,48
PTD,ONLINE,NTB,12 December 2022,1
PTD,ONLINE,Existing,11 December 2022,22
PTD,ONLINE,Existing,10 December 2022,17
PTD,ONLINE,NTB,10 December 2022,2
PTD,ONLINE,Existing,9 December 2022,34
PTD,ONLINE,NTB,9 December 2022,6
PTD,ONLINE,Existing,8 December 2022,29
PTD,ONLINE,NTB,8 December 2022,3
PTD,ONLINE,Existing,7 December 2022,25
PTD,ONLINE,Existing,6 December 2022,34
PTD,ONLINE,NTB,6 December 2022,2
PTD,ONLINE,Existing,5 December 2022,33
PTD,ONLINE,Existing,4 December 2022,9
PTD,ONLINE,Existing,3 December 2022,17
PTD,ONLINE,NTB,3 December 2022,1
PTD,ONLINE,Existing,2 December 2022,34
PTD,ONLINE,NTB,2 December 2022,3
PTD,ONLINE,Existing,1 December 2022,40
PTD,ONLINE,NTB,1 December 2022,3
PTD,ONLINE,Existing,30 November 2022,27
PTD,ONLINE,NTB,30 November 2022,3
PTD,ONLINE,Existing,29 November 2022,35
PTD,ONLINE,NTB,29 November 2022,6
PTD,ONLINE,Existing,28 November 2022,34
PTD,ONLINE,NTB,28 November 2022,3
PTD,ONLINE,Existing,27 November 2022,6
PTD,ONLINE,Existing,26 November 2022,18
PTD,ONLINE,NTB,26 November 2022,3
PTD,ONLINE,Existing,25 November 2022,27
PTD,ONLINE,NTB,25 November 2022,1
PTD,ONLINE,Existing,24 November 2022,38
PTD,ONLINE,NTB,24 November 2022,8
PTD,ONLINE,Existing,23 November 2022,43
PTD,ONLINE,Existing,22 November 2022,44
PTD,ONLINE,NTB,22 November 2022,3
PTD,ONLINE,Existing,21 November 2022,47
PTD,ONLINE,NTB,21 November 2022,4
PTD,ONLINE,Existing,20 November 2022,31
PTD,ONLINE,NTB,20 November 2022,2
PTD,ONLINE,Existing,19 November 2022,28
PTD,ONLINE,NTB,19 November 2022,2
PTD,ONLINE,Existing,18 November 2022,29
PTD,ONLINE,NTB,18 November 2022,1
PTD,ONLINE,Existing,17 November 2022,39
PTD,ONLINE,NTB,17 November 2022,2
SA,ONLINE,Existing,13 February 2023,76
SA,ONLINE,NTB,13 February 2023,17
SA,ONLINE,Existing,12 February 2023,55
SA,ONLINE,NTB,12 February 2023,8
SA,ONLINE,Existing,11 February 2023,31
SA,ONLINE,NTB,11 February 2023,6
SA,ONLINE,Existing,10 February 2023,51
SA,ONLINE,NTB,10 February 2023,22
SA,ONLINE,Existing,9 February 2023,77
SA,ONLINE,NTB,9 February 2023,13
SA,ONLINE,Existing,8 February 2023,71
SA,ONLINE,NTB,8 February 2023,14
SA,ONLINE,Existing,7 February 2023,70
SA,ONLINE,NTB,7 February 2023,15
SA,ONLINE,Existing,6 February 2023,65
SA,ONLINE,NTB,6 February 2023,15
SA,ONLINE,Existing,5 February 2023,68
SA,ONLINE,NTB,5 February 2023,12
SA,ONLINE,Existing,4 February 2023,54
SA,ONLINE,NTB,4 February 2023,6
SA,ONLINE,Existing,3 February 2023,65
SA,ONLINE,NTB,3 February 2023,12
SA,ONLINE,Existing,2 February 2023,72
SA,ONLINE,NTB,2 February 2023,18
SA,ONLINE,Existing,1 February 2023,101
SA,ONLINE,NTB,1 February 2023,13
SA,ONLINE,Existing,31 January 2023,74
SA,ONLINE,NTB,31 January 2023,15
SA,ONLINE,Existing,30 January 2023,82
SA,ONLINE,NTB,30 January 2023,8
SA,ONLINE,Existing,29 January 2023,51
SA,ONLINE,NTB,29 January 2023,14
SA,ONLINE,Existing,28 January 2023,47
SA,ONLINE,NTB,28 January 2023,4
SA,ONLINE,Existing,27 January 2023,59
SA,ONLINE,NTB,27 January 2023,2
SA,ONLINE,Existing,26 January 2023,59
SA,ONLINE,NTB,26 January 2023,10
SA,ONLINE,Existing,25 January 2023,57
SA,ONLINE,NTB,25 January 2023,11
SA,ONLINE,Existing,24 January 2023,62
SA,ONLINE,NTB,24 January 2023,9
SA,ONLINE,Existing,23 January 2023,64
SA,ONLINE,NTB,23 January 2023,11
SA,ONLINE,Existing,22 January 2023,44
SA,ONLINE,NTB,22 January 2023,7
SA,ONLINE,Existing,21 January 2023,38
SA,ONLINE,NTB,21 January 2023,12
SA,ONLINE,Existing,20 January 2023,59
SA,ONLINE,NTB,20 January 2023,4
SA,ONLINE,Existing,19 January 2023,85
SA,ONLINE,NTB,19 January 2023,25
SA,ONLINE,Existing,18 January 2023,64
SA,ONLINE,NTB,18 January 2023,17
SA,ONLINE,Existing,17 January 2023,69
SA,ONLINE,NTB,17 January 2023,17
SA,ONLINE,Existing,16 January 2023,57
SA,ONLINE,NTB,16 January 2023,9
SA,ONLINE,Existing,15 January 2023,63
SA,ONLINE,NTB,15 January 2023,5
SA,ONLINE,Existing,14 January 2023,63
SA,ONLINE,NTB,14 January 2023,9
SA,ONLINE,Existing,13 January 2023,69
SA,ONLINE,NTB,13 January 2023,13
SA,ONLINE,Existing,12 January 2023,81
SA,ONLINE,NTB,12 January 2023,15
SA,ONLINE,Existing,11 January 2023,93
SA,ONLINE,NTB,11 January 2023,18
SA,ONLINE,Existing,10 January 2023,86
SA,ONLINE,NTB,10 January 2023,11
SA,ONLINE,Existing,9 January 2023,70
SA,ONLINE,NTB,9 January 2023,13
SA,ONLINE,Existing,8 January 2023,59
SA,ONLINE,NTB,8 January 2023,8
SA,ONLINE,Existing,7 January 2023,53
SA,ONLINE,NTB,7 January 2023,2
SA,ONLINE,Existing,6 January 2023,70
SA,ONLINE,NTB,6 January 2023,21
SA,ONLINE,Existing,5 January 2023,79
SA,ONLINE,NTB,5 January 2023,12
SA,ONLINE,Existing,4 January 2023,99
SA,ONLINE,NTB,4 January 2023,24
SA,ONLINE,Existing,3 January 2023,91
SA,ONLINE,NTB,3 January 2023,20
SA,ONLINE,Existing,2 January 2023,64
SA,ONLINE,NTB,2 January 2023,7
SA,ONLINE,Existing,1 January 2023,55
SA,ONLINE,NTB,1 January 2023,1
SA,ONLINE,Existing,31 December 2022,43
SA,ONLINE,NTB,31 December 2022,2
SA,ONLINE,Existing,30 December 2022,68
SA,ONLINE,NTB,30 December 2022,5
SA,ONLINE,Existing,29 December 2022,82
SA,ONLINE,NTB,29 December 2022,14
SA,ONLINE,Existing,28 December 2022,72
SA,ONLINE,NTB,28 December 2022,8
SA,ONLINE,Existing,27 December 2022,32
SA,ONLINE,NTB,27 December 2022,11
SA,ONLINE,Existing,26 December 2022,28
SA,ONLINE,NTB,26 December 2022,2
SA,ONLINE,Existing,25 December 2022,12
SA,ONLINE,NTB,25 December 2022,1
SA,ONLINE,Existing,24 December 2022,16
SA,ONLINE,NTB,24 December 2022,1
SA,ONLINE,Existing,23 December 2022,58
SA,ONLINE,NTB,23 December 2022,5
SA,ONLINE,Existing,22 December 2022,59
SA,ONLINE,NTB,22 December 2022,9
SA,ONLINE,Existing,21 December 2022,61
SA,ONLINE,NTB,21 December 2022,7
SA,ONLINE,Existing,20 December 2022,42
SA,ONLINE,NTB,20 December 2022,7
SA,ONLINE,Existing,19 December 2022,39
SA,ONLINE,NTB,19 December 2022,9
SA,ONLINE,Existing,18 December 2022,37
SA,ONLINE,NTB,18 December 2022,3
SA,ONLINE,Existing,17 December 2022,42
SA,ONLINE,NTB,17 December 2022,5
SA,ONLINE,Existing,16 December 2022,60
SA,ONLINE,NTB,16 December 2022,7
SA,ONLINE,Existing,15 December 2022,77
SA,ONLINE,NTB,15 December 2022,6
SA,ONLINE,Existing,14 December 2022,60
SA,ONLINE,NTB,14 December 2022,8
SA,ONLINE,Existing,13 December 2022,52
SA,ONLINE,NTB,13 December 2022,16
SA,ONLINE,Existing,12 December 2022,52
SA,ONLINE,NTB,12 December 2022,7
SA,ONLINE,Existing,11 December 2022,32
SA,ONLINE,NTB,11 December 2022,14
SA,ONLINE,Existing,10 December 2022,23
SA,ONLINE,NTB,10 December 2022,4
SA,ONLINE,Existing,9 December 2022,45
SA,ONLINE,NTB,9 December 2022,7
SA,ONLINE,Existing,8 December 2022,44
SA,ONLINE,NTB,8 December 2022,6
SA,ONLINE,Existing,7 December 2022,64
SA,ONLINE,NTB,7 December 2022,10
SA,ONLINE,Existing,6 December 2022,56
SA,ONLINE,NTB,6 December 2022,9
SA,ONLINE,Existing,5 December 2022,55
SA,ONLINE,NTB,5 December 2022,4
SA,ONLINE,Existing,4 December 2022,40
SA,ONLINE,NTB,4 December 2022,1
SA,ONLINE,Existing,3 December 2022,27
SA,ONLINE,NTB,3 December 2022,3
SA,ONLINE,Existing,2 December 2022,48
SA,ONLINE,NTB,2 December 2022,5
SA,ONLINE,Existing,1 December 2022,57
SA,ONLINE,NTB,1 December 2022,4
SA,ONLINE,Existing,30 November 2022,58
SA,ONLINE,NTB,30 November 2022,5
SA,ONLINE,Existing,29 November 2022,52
SA,ONLINE,NTB,29 November 2022,10
SA,ONLINE,Existing,28 November 2022,60
SA,ONLINE,NTB,28 November 2022,6
SA,ONLINE,Existing,27 November 2022,29
SA,ONLINE,NTB,27 November 2022,6
SA,ONLINE,Existing,26 November 2022,25
SA,ONLINE,NTB,26 November 2022,6
SA,ONLINE,Existing,25 November 2022,41
SA,ONLINE,NTB,25 November 2022,5
SA,ONLINE,Existing,24 November 2022,63
SA,ONLINE,NTB,24 November 2022,8
SA,ONLINE,Existing,23 November 2022,52
SA,ONLINE,NTB,23 November 2022,7
SA,ONLINE,Existing,22 November 2022,33
SA,ONLINE,NTB,22 November 2022,10
SA,ONLINE,Existing,21 November 2022,51
SA,ONLINE,NTB,21 November 2022,7
SA,ONLINE,Existing,20 November 2022,37
SA,ONLINE,NTB,20 November 2022,5
SA,ONLINE,Existing,19 November 2022,32
SA,ONLINE,NTB,19 November 2022,8
SA,ONLINE,Existing,18 November 2022,45
SA,ONLINE,NTB,18 November 2022,5
SA,ONLINE,Existing,17 November 2022,47
SA,ONLINE,NTB,17 November 2022,11
SM,MOBILE APP,Existing,13 February 2023,372
SM,MOBILE APP,NTB,13 February 2023,47
SM,MOBILE APP,Existing,12 February 2023,347
SM,MOBILE APP,NTB,12 February 2023,27
SM,MOBILE APP,Existing,11 February 2023,316
SM,MOBILE APP,NTB,11 February 2023,31
SM,MOBILE APP,Existing,10 February 2023,301
SM,MOBILE APP,NTB,10 February 2023,38
SM,MOBILE APP,Existing,9 February 2023,381
SM,MOBILE APP,NTB,9 February 2023,62
SM,MOBILE APP,Existing,8 February 2023,411
SM,MOBILE APP,NTB,8 February 2023,70
SM,MOBILE APP,Existing,7 February 2023,417
SM,MOBILE APP,NTB,7 February 2023,49
SM,MOBILE APP,Existing,6 February 2023,352
SM,MOBILE APP,NTB,6 February 2023,35
SM,MOBILE APP,Existing,5 February 2023,356
SM,MOBILE APP,NTB,5 February 2023,44
SM,MOBILE APP,Existing,4 February 2023,313
SM,MOBILE APP,NTB,4 February 2023,29
SM,MOBILE APP,Existing,3 February 2023,300
SM,MOBILE APP,NTB,3 February 2023,43
SM,MOBILE APP,Existing,2 February 2023,451
SM,MOBILE APP,NTB,2 February 2023,49
SM,MOBILE APP,Existing,1 February 2023,538
SM,MOBILE APP,NTB,1 February 2023,76
SM,MOBILE APP,Existing,31 January 2023,411
SM,MOBILE APP,NTB,31 January 2023,56
SM,MOBILE APP,Existing,30 January 2023,387
SM,MOBILE APP,NTB,30 January 2023,45
SM,MOBILE APP,Existing,29 January 2023,397
SM,MOBILE APP,NTB,29 January 2023,59
SM,MOBILE APP,Existing,28 January 2023,257
SM,MOBILE APP,NTB,28 January 2023,34
SM,MOBILE APP,Existing,27 January 2023,352
SM,MOBILE APP,NTB,27 January 2023,46
SM,MOBILE APP,Existing,26 January 2023,376
SM,MOBILE APP,NTB,26 January 2023,51
SM,MOBILE APP,Existing,25 January 2023,424
SM,MOBILE APP,NTB,25 January 2023,51
SM,MOBILE APP,Existing,24 January 2023,388
SM,MOBILE APP,NTB,24 January 2023,49
SM,MOBILE APP,Existing,23 January 2023,366
SM,MOBILE APP,NTB,23 January 2023,28
SM,MOBILE APP,Existing,22 January 2023,339
SM,MOBILE APP,NTB,22 January 2023,32
SM,MOBILE APP,Existing,21 January 2023,296
SM,MOBILE APP,NTB,21 January 2023,29
SM,MOBILE APP,Existing,20 January 2023,347
SM,MOBILE APP,NTB,20 January 2023,40
SM,MOBILE APP,Existing,19 January 2023,447
SM,MOBILE APP,NTB,19 January 2023,53
SM,MOBILE APP,Existing,18 January 2023,460
SM,MOBILE APP,NTB,18 January 2023,64
SM,MOBILE APP,Existing,17 January 2023,419
SM,MOBILE APP,NTB,17 January 2023,60
SM,MOBILE APP,Existing,16 January 2023,356
SM,MOBILE APP,NTB,16 January 2023,47
SM,MOBILE APP,Existing,15 January 2023,324
SM,MOBILE APP,NTB,15 January 2023,42
SM,MOBILE APP,Existing,14 January 2023,367
SM,MOBILE APP,NTB,14 January 2023,28
SM,MOBILE APP,Existing,13 January 2023,397
SM,MOBILE APP,NTB,13 January 2023,69
SM,MOBILE APP,Existing,12 January 2023,465
SM,MOBILE APP,NTB,12 January 2023,48
SM,MOBILE APP,Existing,11 January 2023,544
SM,MOBILE APP,NTB,11 January 2023,37
SM,MOBILE APP,Existing,10 January 2023,444
SM,MOBILE APP,NTB,10 January 2023,33
SM,MOBILE APP,Existing,9 January 2023,453
SM,MOBILE APP,NTB,9 January 2023,42
SM,MOBILE APP,Existing,8 January 2023,336
SM,MOBILE APP,NTB,8 January 2023,28
SM,MOBILE APP,Existing,7 January 2023,335
SM,MOBILE APP,NTB,7 January 2023,37
SM,MOBILE APP,Existing,6 January 2023,404
SM,MOBILE APP,NTB,6 January 2023,67
SM,MOBILE APP,Existing,5 January 2023,542
SM,MOBILE APP,NTB,5 January 2023,48
SM,MOBILE APP,Existing,4 January 2023,575
SM,MOBILE APP,NTB,4 January 2023,45
SM,MOBILE APP,Existing,3 January 2023,479
SM,MOBILE APP,NTB,3 January 2023,35
SM,MOBILE APP,Existing,2 January 2023,424
SM,MOBILE APP,NTB,2 January 2023,33
SM,MOBILE APP,Existing,1 January 2023,350
SM,MOBILE APP,NTB,1 January 2023,46
SM,MOBILE APP,Existing,31 December 2022,237
SM,MOBILE APP,NTB,31 December 2022,14
SM,MOBILE APP,Existing,30 December 2022,373
SM,MOBILE APP,NTB,30 December 2022,37
SM,MOBILE APP,Existing,29 December 2022,368
SM,MOBILE APP,NTB,29 December 2022,28
SM,MOBILE APP,Existing,28 December 2022,374
SM,MOBILE APP,NTB,28 December 2022,32
SM,MOBILE APP,Existing,27 December 2022,262
SM,MOBILE APP,NTB,27 December 2022,17
SM,MOBILE APP,Existing,26 December 2022,216
SM,MOBILE APP,NTB,26 December 2022,15
SM,MOBILE APP,Existing,25 December 2022,132
SM,MOBILE APP,NTB,25 December 2022,11
SM,MOBILE APP,Existing,24 December 2022,147
SM,MOBILE APP,NTB,24 December 2022,16
SM,MOBILE APP,Existing,23 December 2022,216
SM,MOBILE APP,NTB,23 December 2022,31
SM,MOBILE APP,Existing,22 December 2022,272
SM,MOBILE APP,NTB,22 December 2022,25
SM,MOBILE APP,Existing,21 December 2022,312
SM,MOBILE APP,NTB,21 December 2022,25
SM,MOBILE APP,Existing,20 December 2022,265
SM,MOBILE APP,NTB,20 December 2022,35
SM,MOBILE APP,Existing,19 December 2022,262
SM,MOBILE APP,NTB,19 December 2022,28
SM,MOBILE APP,Existing,18 December 2022,182
SM,MOBILE APP,NTB,18 December 2022,24
SM,MOBILE APP,Existing,17 December 2022,141
SM,MOBILE APP,NTB,17 December 2022,20
SM,MOBILE APP,Existing,16 December 2022,219
SM,MOBILE APP,NTB,16 December 2022,20
SM,MOBILE APP,Existing,15 December 2022,299
SM,MOBILE APP,NTB,15 December 2022,44
SM,MOBILE APP,Existing,14 December 2022,307
SM,MOBILE APP,NTB,14 December 2022,47
SM,MOBILE APP,Existing,13 December 2022,303
SM,MOBILE APP,NTB,13 December 2022,40
SM,MOBILE APP,Existing,12 December 2022,243
SM,MOBILE APP,NTB,12 December 2022,27
SM,MOBILE APP,Existing,11 December 2022,205
SM,MOBILE APP,NTB,11 December 2022,22
SM,MOBILE APP,Existing,10 December 2022,198
SM,MOBILE APP,NTB,10 December 2022,23
SM,MOBILE APP,Existing,9 December 2022,205
SM,MOBILE APP,NTB,9 December 2022,21
SM,MOBILE APP,Existing,8 December 2022,318
SM,MOBILE APP,NTB,8 December 2022,36
SM,MOBILE APP,Existing,7 December 2022,313
SM,MOBILE APP,NTB,7 December 2022,45
SM,MOBILE APP,Existing,6 December 2022,329
SM,MOBILE APP,NTB,6 December 2022,36
SM,MOBILE APP,Existing,5 December 2022,306
SM,MOBILE APP,NTB,5 December 2022,44
SM,MOBILE APP,Existing,4 December 2022,166
SM,MOBILE APP,NTB,4 December 2022,29
SM,MOBILE APP,Existing,3 December 2022,156
SM,MOBILE APP,NTB,3 December 2022,23
SM,MOBILE APP,Existing,2 December 2022,232
SM,MOBILE APP,NTB,2 December 2022,32
SM,MOBILE APP,Existing,1 December 2022,353
SM,MOBILE APP,NTB,1 December 2022,36
SM,MOBILE APP,Existing,30 November 2022,327
SM,MOBILE APP,NTB,30 November 2022,23
SM,MOBILE APP,Existing,29 November 2022,276
SM,MOBILE APP,NTB,29 November 2022,47
SM,MOBILE APP,Existing,28 November 2022,266
SM,MOBILE APP,NTB,28 November 2022,27
SM,MOBILE APP,Existing,27 November 2022,240
SM,MOBILE APP,NTB,27 November 2022,26
SM,MOBILE APP,Existing,26 November 2022,179
SM,MOBILE APP,NTB,26 November 2022,20
SM,MOBILE APP,Existing,25 November 2022,216
SM,MOBILE APP,NTB,25 November 2022,42
SM,MOBILE APP,Existing,24 November 2022,288
SM,MOBILE APP,NTB,24 November 2022,33
SM,MOBILE APP,Existing,23 November 2022,330
SM,MOBILE APP,NTB,23 November 2022,35
SM,MOBILE APP,Existing,22 November 2022,303
SM,MOBILE APP,NTB,22 November 2022,41
SM,MOBILE APP,Existing,21 November 2022,332
SM,MOBILE APP,NTB,21 November 2022,38
SM,MOBILE APP,Existing,20 November 2022,262
SM,MOBILE APP,NTB,20 November 2022,32
SM,MOBILE APP,Existing,19 November 2022,260
SM,MOBILE APP,NTB,19 November 2022,23
SM,MOBILE APP,Existing,18 November 2022,271
SM,MOBILE APP,NTB,18 November 2022,38
SM,MOBILE APP,Existing,17 November 2022,337
SM,MOBILE APP,NTB,17 November 2022,44
SM,ONLINE,Existing,13 February 2023,225
SM,ONLINE,NTB,13 February 2023,369
SM,ONLINE,Existing,12 February 2023,168
SM,ONLINE,NTB,12 February 2023,258
SM,ONLINE,Existing,11 February 2023,106
SM,ONLINE,NTB,11 February 2023,232
SM,ONLINE,Existing,10 February 2023,203
SM,ONLINE,NTB,10 February 2023,361
SM,ONLINE,Existing,9 February 2023,216
SM,ONLINE,NTB,9 February 2023,349
SM,ONLINE,Existing,8 February 2023,255
SM,ONLINE,NTB,8 February 2023,357
SM,ONLINE,Existing,7 February 2023,224
SM,ONLINE,NTB,7 February 2023,374
SM,ONLINE,Existing,6 February 2023,242
SM,ONLINE,NTB,6 February 2023,358
SM,ONLINE,Existing,5 February 2023,195
SM,ONLINE,NTB,5 February 2023,252
SM,ONLINE,Existing,4 February 2023,187
SM,ONLINE,NTB,4 February 2023,263
SM,ONLINE,Existing,3 February 2023,171
SM,ONLINE,NTB,3 February 2023,288
SM,ONLINE,Existing,2 February 2023,262
SM,ONLINE,NTB,2 February 2023,299
SM,ONLINE,Existing,1 February 2023,290
SM,ONLINE,NTB,1 February 2023,395
SM,ONLINE,Existing,31 January 2023,255
SM,ONLINE,NTB,31 January 2023,357
SM,ONLINE,Existing,30 January 2023,231
SM,ONLINE,NTB,30 January 2023,360
SM,ONLINE,Existing,29 January 2023,203
SM,ONLINE,NTB,29 January 2023,252
SM,ONLINE,Existing,28 January 2023,151
SM,ONLINE,NTB,28 January 2023,195
SM,ONLINE,Existing,27 January 2023,202
SM,ONLINE,NTB,27 January 2023,313
SM,ONLINE,Existing,26 January 2023,243
SM,ONLINE,NTB,26 January 2023,254
SM,ONLINE,Existing,25 January 2023,238
SM,ONLINE,NTB,25 January 2023,316
SM,ONLINE,Existing,24 January 2023,185
SM,ONLINE,NTB,24 January 2023,351
SM,ONLINE,Existing,23 January 2023,263
SM,ONLINE,NTB,23 January 2023,357
SM,ONLINE,Existing,22 January 2023,215
SM,ONLINE,NTB,22 January 2023,226
SM,ONLINE,Existing,21 January 2023,189
SM,ONLINE,NTB,21 January 2023,207
SM,ONLINE,Existing,20 January 2023,213
SM,ONLINE,NTB,20 January 2023,365
SM,ONLINE,Existing,19 January 2023,248
SM,ONLINE,NTB,19 January 2023,284
SM,ONLINE,Existing,18 January 2023,298
SM,ONLINE,NTB,18 January 2023,325
SM,ONLINE,Existing,17 January 2023,274
SM,ONLINE,NTB,17 January 2023,390
SM,ONLINE,Existing,16 January 2023,259
SM,ONLINE,NTB,16 January 2023,396
SM,ONLINE,Existing,15 January 2023,239
SM,ONLINE,NTB,15 January 2023,267
SM,ONLINE,Existing,14 January 2023,217
SM,ONLINE,NTB,14 January 2023,240
SM,ONLINE,Existing,13 January 2023,219
SM,ONLINE,NTB,13 January 2023,332
SM,ONLINE,Existing,12 January 2023,263
SM,ONLINE,NTB,12 January 2023,385
SM,ONLINE,Existing,11 January 2023,313
SM,ONLINE,NTB,11 January 2023,436
SM,ONLINE,Existing,10 January 2023,290
SM,ONLINE,NTB,10 January 2023,400
SM,ONLINE,Existing,9 January 2023,296
SM,ONLINE,NTB,9 January 2023,388
SM,ONLINE,Existing,8 January 2023,232
SM,ONLINE,NTB,8 January 2023,224
SM,ONLINE,Existing,7 January 2023,228
SM,ONLINE,NTB,7 January 2023,242
SM,ONLINE,Existing,6 January 2023,223
SM,ONLINE,NTB,6 January 2023,381
SM,ONLINE,Existing,5 January 2023,342
SM,ONLINE,NTB,5 January 2023,446
SM,ONLINE,Existing,4 January 2023,335
SM,ONLINE,NTB,4 January 2023,400
SM,ONLINE,Existing,3 January 2023,393
SM,ONLINE,NTB,3 January 2023,351
SM,ONLINE,Existing,2 January 2023,287
SM,ONLINE,NTB,2 January 2023,266
SM,ONLINE,Existing,1 January 2023,223
SM,ONLINE,NTB,1 January 2023,216
SM,ONLINE,Existing,31 December 2022,121
SM,ONLINE,NTB,31 December 2022,148
SM,ONLINE,Existing,30 December 2022,176
SM,ONLINE,NTB,30 December 2022,292
SM,ONLINE,Existing,29 December 2022,211
SM,ONLINE,NTB,29 December 2022,289
SM,ONLINE,Existing,28 December 2022,223
SM,ONLINE,NTB,28 December 2022,252
SM,ONLINE,Existing,27 December 2022,141
SM,ONLINE,NTB,27 December 2022,188
SM,ONLINE,Existing,26 December 2022,109
SM,ONLINE,NTB,26 December 2022,127
SM,ONLINE,Existing,25 December 2022,29
SM,ONLINE,NTB,25 December 2022,65
SM,ONLINE,Existing,24 December 2022,74
SM,ONLINE,NTB,24 December 2022,118
SM,ONLINE,Existing,23 December 2022,113
SM,ONLINE,NTB,23 December 2022,185
SM,ONLINE,Existing,22 December 2022,141
SM,ONLINE,NTB,22 December 2022,206
SM,ONLINE,Existing,21 December 2022,184
SM,ONLINE,NTB,21 December 2022,234
SM,ONLINE,Existing,20 December 2022,178
SM,ONLINE,NTB,20 December 2022,206
SM,ONLINE,Existing,19 December 2022,159
SM,ONLINE,NTB,19 December 2022,244
SM,ONLINE,Existing,18 December 2022,106
SM,ONLINE,NTB,18 December 2022,164
SM,ONLINE,Existing,17 December 2022,101
SM,ONLINE,NTB,17 December 2022,174
SM,ONLINE,Existing,16 December 2022,127
SM,ONLINE,NTB,16 December 2022,187
SM,ONLINE,Existing,15 December 2022,160
SM,ONLINE,NTB,15 December 2022,251
SM,ONLINE,Existing,14 December 2022,184
SM,ONLINE,NTB,14 December 2022,303
SM,ONLINE,Existing,13 December 2022,166
SM,ONLINE,NTB,13 December 2022,307
SM,ONLINE,Existing,12 December 2022,201
SM,ONLINE,NTB,12 December 2022,296
SM,ONLINE,Existing,11 December 2022,112
SM,ONLINE,NTB,11 December 2022,185
SM,ONLINE,Existing,10 December 2022,101
SM,ONLINE,NTB,10 December 2022,171
SM,ONLINE,Existing,9 December 2022,128
SM,ONLINE,NTB,9 December 2022,230
SM,ONLINE,Existing,8 December 2022,174
SM,ONLINE,NTB,8 December 2022,331
SM,ONLINE,Existing,7 December 2022,163
SM,ONLINE,NTB,7 December 2022,321
SM,ONLINE,Existing,6 December 2022,142
SM,ONLINE,NTB,6 December 2022,288
SM,ONLINE,Existing,5 December 2022,139
SM,ONLINE,NTB,5 December 2022,289
SM,ONLINE,Existing,4 December 2022,121
SM,ONLINE,NTB,4 December 2022,164
SM,ONLINE,Existing,3 December 2022,73
SM,ONLINE,NTB,3 December 2022,173
SM,ONLINE,Existing,2 December 2022,129
SM,ONLINE,NTB,2 December 2022,211
SM,ONLINE,Existing,1 December 2022,181
SM,ONLINE,NTB,1 December 2022,256
SM,ONLINE,Existing,30 November 2022,223
SM,ONLINE,NTB,30 November 2022,244
SM,ONLINE,Existing,29 November 2022,161
SM,ONLINE,NTB,29 November 2022,284
SM,ONLINE,Existing,28 November 2022,175
SM,ONLINE,NTB,28 November 2022,282
SM,ONLINE,Existing,27 November 2022,131
SM,ONLINE,NTB,27 November 2022,226
SM,ONLINE,Existing,26 November 2022,114
SM,ONLINE,NTB,26 November 2022,174
SM,ONLINE,Existing,25 November 2022,133
SM,ONLINE,NTB,25 November 2022,265
SM,ONLINE,Existing,24 November 2022,176
SM,ONLINE,NTB,24 November 2022,240
SM,ONLINE,Existing,23 November 2022,212
SM,ONLINE,NTB,23 November 2022,302
SM,ONLINE,Existing,22 November 2022,192
SM,ONLINE,NTB,22 November 2022,309
SM,ONLINE,Existing,21 November 2022,243
SM,ONLINE,NTB,21 November 2022,330
SM,ONLINE,Existing,20 November 2022,161
SM,ONLINE,NTB,20 November 2022,226
SM,ONLINE,Existing,19 November 2022,137
SM,ONLINE,NTB,19 November 2022,212
SM,ONLINE,Existing,18 November 2022,151
SM,ONLINE,NTB,18 November 2022,263
SM,ONLINE,Existing,17 November 2022,191
SM,ONLINE,NTB,17 November 2022,313
