Last Touch Marketing Channel,Product page,Start application,Finish application,Category,con_1,con_2,Date,MonthvsWeek,Visitor or Client
::unspecified::,296,0,0,Mortgages,0,NA,2022-02-28,Week,total
Affiliate,442,13,3,Mortgages,2.941176470588235,23.076923076923077,2022-02-28,Week,total
Direct,858276,216,91,Mortgages,0.025166729583490623,42.129629629629626,2022-02-28,Week,total
Display,1139,3,0,Mortgages,0.2633889376646181,0,2022-02-28,Week,total
Email,2899,4,2,Mortgages,0.1379786133149362,50,2022-02-28,Week,total
Mobile App,0,0,0,Mortgages,NA,NA,2022-02-28,Week,total
Natural Search,163441,288,141,Mortgages,0.17621037560954717,48.95833333333333,2022-02-28,Week,total
Paid Search,13333,102,29,Mortgages,0.7650191254781369,28.431372549019606,2022-02-28,Week,total
Referring Domains,16047,6,1,Mortgages,0.03739016638624042,16.666666666666664,2022-02-28,Week,total
Social Networks,265,0,0,Mortgages,0,NA,2022-02-28,Week,total
::unspecified::,397,0,0,Mortgages,0,NA,2022-03-07,Week,total
Affiliate,411,9,4,Mortgages,2.18978102189781,44.44444444444444,2022-03-07,Week,total
Direct,985089,374,106,Mortgages,0.03796611270656763,28.342245989304814,2022-03-07,Week,total
Display,49,0,0,Mortgages,0,NA,2022-03-07,Week,total
Email,3334,6,2,Mortgages,0.1799640071985603,33.33333333333333,2022-03-07,Week,total
Mobile App,0,0,0,Mortgages,NA,NA,2022-03-07,Week,total
Natural Search,180992,436,134,Mortgages,0.24089462517680338,30.73394495412844,2022-03-07,Week,total
Paid Search,14822,103,31,Mortgages,0.6949129672109028,30.097087378640776,2022-03-07,Week,total
Referring Domains,14406,10,4,Mortgages,0.06941552131056504,40,2022-03-07,Week,total
Social Networks,2362,3,0,Mortgages,0.12701100762066045,0,2022-03-07,Week,total
::unspecified::,408,0,0,Mortgages,0,NA,2022-03-14,Week,total
Affiliate,338,15,3,Mortgages,4.437869822485207,20,2022-03-14,Week,total
Direct,971607,386,146,Mortgages,0.039727997019371,37.82383419689119,2022-03-14,Week,total
Display,26,0,0,Mortgages,0,NA,2022-03-14,Week,total
Email,4026,2,1,Mortgages,0.04967709885742673,50,2022-03-14,Week,total
Mobile App,0,0,0,Mortgages,NA,NA,2022-03-14,Week,total
Natural Search,183107,425,160,Mortgages,0.23210472565221427,37.64705882352941,2022-03-14,Week,total
Paid Search,16692,116,39,Mortgages,0.6949436855978912,33.62068965517241,2022-03-14,Week,total
Referring Domains,14732,13,7,Mortgages,0.08824327993483573,53.84615384615385,2022-03-14,Week,total
Social Networks,1630,1,1,Mortgages,0.06134969325153375,100,2022-03-14,Week,total
::unspecified::,626,0,0,Mortgages,0,NA,2022-03-21,Week,total
Affiliate,214,14,1,Mortgages,6.5420560747663545,7.142857142857142,2022-03-21,Week,total
Direct,924063,312,131,Mortgages,0.03376393167998286,41.98717948717949,2022-03-21,Week,total
Display,12,0,0,Mortgages,0,NA,2022-03-21,Week,total
Email,1836,0,0,Mortgages,0,NA,2022-03-21,Week,total
Mobile App,0,0,0,Mortgages,NA,NA,2022-03-21,Week,total
Natural Search,179212,369,158,Mortgages,0.20590139053188405,42.81842818428184,2022-03-21,Week,total
Paid Search,17872,92,30,Mortgages,0.5147717099373321,32.608695652173914,2022-03-21,Week,total
Referring Domains,14848,14,1,Mortgages,0.09428879310344827,7.142857142857142,2022-03-21,Week,total
Social Networks,1472,0,0,Mortgages,0,NA,2022-03-21,Week,total
::unspecified::,490,0,0,Mortgages,0,NA,2022-03-28,Week,total
Affiliate,217,0,0,Mortgages,0,NA,2022-03-28,Week,total
Direct,958666,201,119,Mortgages,0.02096663488639422,59.20398009950249,2022-03-28,Week,total
Display,34,0,0,Mortgages,0,NA,2022-03-28,Week,total
Email,1891,3,1,Mortgages,0.15864621893178213,33.33333333333333,2022-03-28,Week,total
Mobile App,0,0,0,Mortgages,NA,NA,2022-03-28,Week,total
Natural Search,183877,304,127,Mortgages,0.16532790941770859,41.776315789473685,2022-03-28,Week,total
Paid Search,15191,67,28,Mortgages,0.4410506220788625,41.7910447761194,2022-03-28,Week,total
Referring Domains,13470,7,2,Mortgages,0.05196733481811433,28.57142857142857,2022-03-28,Week,total
Social Networks,1626,0,0,Mortgages,0,NA,2022-03-28,Week,total
::unspecified::,397,0,0,Mortgages,0,NA,2022-04-04,Week,total
Affiliate,697,6,4,Mortgages,0.860832137733142,66.66666666666666,2022-04-04,Week,total
Direct,842846,208,101,Mortgages,0.0246782923570854,48.55769230769231,2022-04-04,Week,total
Display,52,0,0,Mortgages,0,NA,2022-04-04,Week,total
Email,389,3,2,Mortgages,0.7712082262210797,66.66666666666666,2022-04-04,Week,total
Mobile App,0,0,0,Mortgages,NA,NA,2022-04-04,Week,total
Natural Search,174543,258,99,Mortgages,0.14781457864251216,38.372093023255815,2022-04-04,Week,total
Paid Search,13062,52,20,Mortgages,0.3981013627315878,38.46153846153847,2022-04-04,Week,total
Referring Domains,11405,12,3,Mortgages,0.10521701008329679,25,2022-04-04,Week,total
Social Networks,2177,1,0,Mortgages,0.045934772622875514,0,2022-04-04,Week,total
::unspecified::,642,0,0,Mortgages,0,NA,2022-04-11,Week,total
Affiliate,591,4,3,Mortgages,0.676818950930626,75,2022-04-11,Week,total
Direct,865666,156,69,Mortgages,0.01802080710112214,44.230769230769226,2022-04-11,Week,total
Display,77,0,0,Mortgages,0,NA,2022-04-11,Week,total
Email,7532,2,0,Mortgages,0.02655337227827934,0,2022-04-11,Week,total
Mobile App,0,0,0,Mortgages,NA,NA,2022-04-11,Week,total
Natural Search,156271,280,107,Mortgages,0.17917591875651911,38.21428571428571,2022-04-11,Week,total
Paid Search,11890,48,23,Mortgages,0.40370058873002523,47.91666666666667,2022-04-11,Week,total
Referring Domains,10591,1,0,Mortgages,0.009441979038806534,0,2022-04-11,Week,total
Social Networks,189,0,0,Mortgages,0,NA,2022-04-11,Week,total
::unspecified::,467,0,0,Mortgages,0,NA,2022-04-18,Week,total
Affiliate,622,11,1,Mortgages,1.7684887459807075,9.090909090909092,2022-04-18,Week,total
Direct,868687,209,92,Mortgages,0.02405929868871066,44.01913875598086,2022-04-18,Week,total
Display,4,0,0,Mortgages,0,NA,2022-04-18,Week,total
Email,2720,1,0,Mortgages,0.03676470588235294,0,2022-04-18,Week,total
Mobile App,0,0,0,Mortgages,NA,NA,2022-04-18,Week,total
Natural Search,166915,269,108,Mortgages,0.16115987179103136,40.14869888475837,2022-04-18,Week,total
Paid Search,11400,51,29,Mortgages,0.4473684210526315,56.86274509803921,2022-04-18,Week,total
Referring Domains,11869,15,5,Mortgages,0.12637964445193361,33.33333333333333,2022-04-18,Week,total
Social Networks,170,3,2,Mortgages,1.7647058823529411,66.66666666666666,2022-04-18,Week,total
::unspecified::,507,0,0,Mortgages,0,NA,2022-04-25,Week,total
Affiliate,444,23,10,Mortgages,5.18018018018018,43.47826086956522,2022-04-25,Week,total
Direct,899286,204,112,Mortgages,0.02268466316611178,54.90196078431373,2022-04-25,Week,total
Display,5,0,0,Mortgages,0,NA,2022-04-25,Week,total
Email,5205,0,0,Mortgages,0,NA,2022-04-25,Week,total
Mobile App,0,0,0,Mortgages,NA,NA,2022-04-25,Week,total
Natural Search,178050,294,122,Mortgages,0.16512215669755687,41.49659863945578,2022-04-25,Week,total
Paid Search,11984,64,21,Mortgages,0.5340453938584779,32.8125,2022-04-25,Week,total
Referring Domains,10919,10,6,Mortgages,0.09158347834050737,60,2022-04-25,Week,total
Social Networks,1622,1,1,Mortgages,0.06165228113440197,100,2022-04-25,Week,total
::unspecified::,410,0,0,Mortgages,0,NA,2022-05-02,Week,total
Affiliate,1021,20,4,Mortgages,1.9588638589618024,20,2022-05-02,Week,total
Direct,910021,257,82,Mortgages,0.028241106523915382,31.906614785992215,2022-05-02,Week,total
Display,18,0,0,Mortgages,0,NA,2022-05-02,Week,total
Email,1799,1,1,Mortgages,0.055586436909394105,100,2022-05-02,Week,total
Mobile App,0,0,0,Mortgages,NA,NA,2022-05-02,Week,total
Natural Search,199316,407,122,Mortgages,0.20419835838567904,29.975429975429975,2022-05-02,Week,total
Paid Search,13977,83,25,Mortgages,0.5938327251913859,30.120481927710845,2022-05-02,Week,total
Referring Domains,12011,39,5,Mortgages,0.3247023561735076,12.82051282051282,2022-05-02,Week,total
Social Networks,2556,0,0,Mortgages,0,NA,2022-05-02,Week,total
::unspecified::,525,0,0,Mortgages,0,NA,2022-05-09,Week,total
Affiliate,422,0,0,Mortgages,0,NA,2022-05-09,Week,total
Direct,886504,251,91,Mortgages,0.028313465026666547,36.254980079681275,2022-05-09,Week,total
Display,6,0,0,Mortgages,0,NA,2022-05-09,Week,total
Email,3166,0,0,Mortgages,0,NA,2022-05-09,Week,total
Mobile App,0,0,0,Mortgages,NA,NA,2022-05-09,Week,total
Natural Search,186305,263,77,Mortgages,0.14116636697887872,29.277566539923956,2022-05-09,Week,total
Paid Search,12729,48,17,Mortgages,0.37709168041480084,35.41666666666667,2022-05-09,Week,total
Referring Domains,12072,23,6,Mortgages,0.19052352551358515,26.08695652173913,2022-05-09,Week,total
Social Networks,1215,0,0,Mortgages,0,NA,2022-05-09,Week,total
::unspecified::,542,0,0,Mortgages,0,NA,2022-05-16,Week,total
Affiliate,292,3,1,Mortgages,1.0273972602739725,33.33333333333333,2022-05-16,Week,total
Direct,894219,177,89,Mortgages,0.019793808899162286,50.282485875706215,2022-05-16,Week,total
Display,6,0,0,Mortgages,0,NA,2022-05-16,Week,total
Email,2863,1,1,Mortgages,0.0349283967865875,100,2022-05-16,Week,total
Mobile App,0,0,0,Mortgages,NA,NA,2022-05-16,Week,total
Natural Search,175691,264,107,Mortgages,0.15026381544871395,40.53030303030303,2022-05-16,Week,total
Paid Search,12961,42,12,Mortgages,0.32404907028778646,28.57142857142857,2022-05-16,Week,total
Referring Domains,12365,0,1,Mortgages,0,Inf,2022-05-16,Week,total
Social Networks,2608,0,0,Mortgages,0,NA,2022-05-16,Week,total
::unspecified::,395,0,0,Mortgages,0,NA,2022-05-23,Week,total
Affiliate,221,1,0,Mortgages,0.4524886877828055,0,2022-05-23,Week,total
Direct,939510,146,86,Mortgages,0.01554001554001554,58.9041095890411,2022-05-23,Week,total
Display,3,0,0,Mortgages,0,NA,2022-05-23,Week,total
Email,1855,0,0,Mortgages,0,NA,2022-05-23,Week,total
Mobile App,0,0,0,Mortgages,NA,NA,2022-05-23,Week,total
Natural Search,176916,262,112,Mortgages,0.1480928802369486,42.74809160305343,2022-05-23,Week,total
Paid Search,11354,33,11,Mortgages,0.29064646820503787,33.33333333333333,2022-05-23,Week,total
Referring Domains,11349,4,2,Mortgages,0.03524539607013834,50,2022-05-23,Week,total
Social Networks,240,0,0,Mortgages,0,NA,2022-05-23,Week,total
::unspecified::,525,0,0,Mortgages,0,NA,2022-05-30,Week,total
Affiliate,381,10,0,Mortgages,2.6246719160104988,0,2022-05-30,Week,total
Direct,952719,192,88,Mortgages,0.020152846747047135,45.83333333333333,2022-05-30,Week,total
Display,3,0,0,Mortgages,0,NA,2022-05-30,Week,total
Email,3042,2,2,Mortgages,0.06574621959237344,100,2022-05-30,Week,total
Mobile App,0,0,0,Mortgages,NA,NA,2022-05-30,Week,total
Natural Search,185908,253,123,Mortgages,0.13608881812509413,48.616600790513836,2022-05-30,Week,total
Paid Search,13746,75,37,Mortgages,0.5456132693147098,49.333333333333336,2022-05-30,Week,total
Referring Domains,11934,6,2,Mortgages,0.050276520864756154,33.33333333333333,2022-05-30,Week,total
Social Networks,648,0,0,Mortgages,0,NA,2022-05-30,Week,total
::unspecified::,825,0,0,Mortgages,0,NA,2022-06-06,Week,total
Affiliate,677,2,0,Mortgages,0.29542097488921715,0,2022-06-06,Week,total
Direct,1009851,198,72,Mortgages,0.019606852892159337,36.36363636363637,2022-06-06,Week,total
Display,18,0,0,Mortgages,0,NA,2022-06-06,Week,total
Email,10375,2,1,Mortgages,0.019277108433734938,50,2022-06-06,Week,total
Mobile App,0,0,0,Mortgages,NA,NA,2022-06-06,Week,total
Natural Search,211370,260,96,Mortgages,0.1230070492501301,36.92307692307693,2022-06-06,Week,total
Paid Search,20647,85,20,Mortgages,0.41168208456434346,23.52941176470588,2022-06-06,Week,total
Referring Domains,11703,4,1,Mortgages,0.03417927027257968,25,2022-06-06,Week,total
Social Networks,1439,2,0,Mortgages,0.13898540653231412,0,2022-06-06,Week,total
::unspecified::,807,0,0,Mortgages,0,NA,2022-06-13,Week,total
Affiliate,973,1,0,Mortgages,0.10277492291880781,0,2022-06-13,Week,total
Direct,1049525,186,74,Mortgages,0.017722302946571067,39.784946236559136,2022-06-13,Week,total
Display,7,0,0,Mortgages,0,NA,2022-06-13,Week,total
Email,6580,2,2,Mortgages,0.030395136778115502,100,2022-06-13,Week,total
Mobile App,0,0,0,Mortgages,NA,NA,2022-06-13,Week,total
Natural Search,205639,190,63,Mortgages,0.09239492508716732,33.1578947368421,2022-06-13,Week,total
Paid Search,19720,36,20,Mortgages,0.18255578093306288,55.55555555555556,2022-06-13,Week,total
Referring Domains,12026,4,1,Mortgages,0.033261267254282384,25,2022-06-13,Week,total
Social Networks,1523,0,0,Mortgages,0,NA,2022-06-13,Week,total
::unspecified::,621,0,0,Mortgages,0,NA,2022-06-20,Week,total
Affiliate,295,1,0,Mortgages,0.3389830508474576,0,2022-06-20,Week,total
Direct,1080893,237,114,Mortgages,0.02192631463058786,48.10126582278481,2022-06-20,Week,total
Display,9,0,0,Mortgages,0,NA,2022-06-20,Week,total
Email,3101,2,1,Mortgages,0.06449532408900355,50,2022-06-20,Week,total
Mobile App,0,0,0,Mortgages,NA,NA,2022-06-20,Week,total
Natural Search,196723,212,91,Mortgages,0.10776574167738392,42.924528301886795,2022-06-20,Week,total
Paid Search,16336,53,20,Mortgages,0.3244368266405485,37.735849056603776,2022-06-20,Week,total
Referring Domains,12999,6,1,Mortgages,0.04615739672282484,16.666666666666664,2022-06-20,Week,total
Social Networks,1447,0,0,Mortgages,0,NA,2022-06-20,Week,total
::unspecified::,567,0,0,Mortgages,0,NA,2022-06-27,Week,total
Affiliate,201,5,1,Mortgages,2.4875621890547266,20,2022-06-27,Week,total
Direct,1079151,233,121,Mortgages,0.021591047036049638,51.931330472103,2022-06-27,Week,total
Display,3,0,0,Mortgages,0,NA,2022-06-27,Week,total
Email,792,0,0,Mortgages,0,NA,2022-06-27,Week,total
Mobile App,0,0,0,Mortgages,NA,NA,2022-06-27,Week,total
Natural Search,205506,235,80,Mortgages,0.1143518924021683,34.04255319148936,2022-06-27,Week,total
Paid Search,16685,73,33,Mortgages,0.4375187293976626,45.20547945205479,2022-06-27,Week,total
Referring Domains,11863,6,5,Mortgages,0.050577425609036504,83.33333333333334,2022-06-27,Week,total
Social Networks,1100,2,0,Mortgages,0.18181818181818182,0,2022-06-27,Week,total
::unspecified::,607,0,0,Mortgages,0,NA,2022-07-04,Week,total
Affiliate,1224,0,0,Mortgages,0,NA,2022-07-04,Week,total
Direct,1057933,285,119,Mortgages,0.02693932413489323,41.75438596491228,2022-07-04,Week,total
Display,12,0,0,Mortgages,0,NA,2022-07-04,Week,total
Email,1571,4,1,Mortgages,0.2546148949713558,25,2022-07-04,Week,total
Mobile App,0,0,0,Mortgages,NA,NA,2022-07-04,Week,total
Natural Search,219424,279,105,Mortgages,0.12715108648096834,37.634408602150536,2022-07-04,Week,total
Paid Search,21151,91,31,Mortgages,0.43023970497848807,34.065934065934066,2022-07-04,Week,total
Referring Domains,13321,7,5,Mortgages,0.05254860746190226,71.42857142857143,2022-07-04,Week,total
Social Networks,1245,0,0,Mortgages,0,NA,2022-07-04,Week,total
::unspecified::,898,0,0,Mortgages,0,NA,2022-07-11,Week,total
Affiliate,872,0,0,Mortgages,0,NA,2022-07-11,Week,total
Direct,1116587,213,111,Mortgages,0.019075987809279528,52.112676056338024,2022-07-11,Week,total
Display,18,0,0,Mortgages,0,NA,2022-07-11,Week,total
Email,7441,0,0,Mortgages,0,NA,2022-07-11,Week,total
Mobile App,0,0,0,Mortgages,NA,NA,2022-07-11,Week,total
Natural Search,214659,206,81,Mortgages,0.09596616028212188,39.32038834951456,2022-07-11,Week,total
Paid Search,17614,81,25,Mortgages,0.45986147382763715,30.864197530864196,2022-07-11,Week,total
Referring Domains,12408,6,3,Mortgages,0.04835589941972921,50,2022-07-11,Week,total
Social Networks,1129,0,0,Mortgages,0,NA,2022-07-11,Week,total
::unspecified::,776,1,0,Mortgages,0.12886597938144329,0,2022-07-18,Week,total
Affiliate,239,0,0,Mortgages,0,NA,2022-07-18,Week,total
Direct,1048101,215,79,Mortgages,0.02051329022680066,36.74418604651163,2022-07-18,Week,total
Display,5,0,0,Mortgages,0,NA,2022-07-18,Week,total
Email,4921,1,0,Mortgages,0.0203210729526519,0,2022-07-18,Week,total
Mobile App,0,0,0,Mortgages,NA,NA,2022-07-18,Week,total
Natural Search,208259,236,86,Mortgages,0.11332043273039821,36.440677966101696,2022-07-18,Week,total
Paid Search,17509,122,52,Mortgages,0.6967845108230053,42.62295081967213,2022-07-18,Week,total
Referring Domains,12057,7,1,Mortgages,0.058057559923695774,14.285714285714285,2022-07-18,Week,total
Social Networks,1080,0,0,Mortgages,0,NA,2022-07-18,Week,total
::unspecified::,657,0,0,Mortgages,0,NA,2022-07-25,Week,total
Affiliate,111,0,0,Mortgages,0,NA,2022-07-25,Week,total
Direct,1300872,451,201,Mortgages,0.03466905275845741,44.567627494456765,2022-07-25,Week,total
Display,3,0,0,Mortgages,0,NA,2022-07-25,Week,total
Email,671,0,0,Mortgages,0,NA,2022-07-25,Week,total
Mobile App,0,0,0,Mortgages,NA,NA,2022-07-25,Week,total
Natural Search,202265,293,115,Mortgages,0.14485946654141843,39.249146757679185,2022-07-25,Week,total
Paid Search,14307,110,37,Mortgages,0.7688544069336689,33.63636363636363,2022-07-25,Week,total
Referring Domains,11212,10,8,Mortgages,0.08919015340706386,80,2022-07-25,Week,total
Social Networks,1447,1,0,Mortgages,0.0691085003455425,0,2022-07-25,Week,total
::unspecified::,562,0,0,Mortgages,0,NA,2022-08-01,Week,total
Affiliate,1416,0,0,Mortgages,0,NA,2022-08-01,Week,total
Direct,1209000,469,229,Mortgages,0.038792390405293635,48.8272921108742,2022-08-01,Week,total
Display,7,0,0,Mortgages,0,NA,2022-08-01,Week,total
Email,2858,0,0,Mortgages,0,NA,2022-08-01,Week,total
Mobile App,0,0,0,Mortgages,NA,NA,2022-08-01,Week,total
Natural Search,238179,340,150,Mortgages,0.14274978062717536,44.11764705882353,2022-08-01,Week,total
Paid Search,16581,154,57,Mortgages,0.9287738978348713,37.01298701298701,2022-08-01,Week,total
Referring Domains,13018,8,7,Mortgages,0.06145337225380243,87.5,2022-08-01,Week,total
Social Networks,2909,0,0,Mortgages,0,NA,2022-08-01,Week,total
::unspecified::,1114,0,0,Mortgages,0,NA,2022-08-08,Week,total
Affiliate,1196,0,0,Mortgages,0,NA,2022-08-08,Week,total
Direct,874042,291,128,Mortgages,0.03329359458698781,43.986254295532646,2022-08-08,Week,total
Display,7,0,0,Mortgages,0,NA,2022-08-08,Week,total
Email,3177,0,0,Mortgages,0,NA,2022-08-08,Week,total
Mobile App,0,0,0,Mortgages,NA,NA,2022-08-08,Week,total
Natural Search,204641,248,118,Mortgages,0.12118783625959606,47.58064516129033,2022-08-08,Week,total
Paid Search,14750,84,33,Mortgages,0.5694915254237288,39.285714285714285,2022-08-08,Week,total
Referring Domains,11033,6,6,Mortgages,0.054382307622586785,100,2022-08-08,Week,total
Social Networks,2197,0,0,Mortgages,0,NA,2022-08-08,Week,total
::unspecified::,1192,1,0,Mortgages,0.08389261744966443,0,2022-08-15,Week,total
Affiliate,164,0,0,Mortgages,0,NA,2022-08-15,Week,total
Direct,838012,241,139,Mortgages,0.028758538063894074,57.676348547717836,2022-08-15,Week,total
Display,40,0,0,Mortgages,0,NA,2022-08-15,Week,total
Email,2783,0,0,Mortgages,0,NA,2022-08-15,Week,total
Mobile App,0,0,0,Mortgages,NA,NA,2022-08-15,Week,total
Natural Search,196862,214,90,Mortgages,0.10870559071837124,42.05607476635514,2022-08-15,Week,total
Paid Search,14323,95,23,Mortgages,0.6632688682538574,24.210526315789473,2022-08-15,Week,total
Referring Domains,11462,2,1,Mortgages,0.017448961786773687,50,2022-08-15,Week,total
Social Networks,1961,0,0,Mortgages,0,NA,2022-08-15,Week,total
::unspecified::,1187,0,0,Mortgages,0,NA,2022-08-22,Week,total
Affiliate,163,1,0,Mortgages,0.6134969325153374,0,2022-08-22,Week,total
Direct,813171,342,158,Mortgages,0.042057574606079166,46.198830409356724,2022-08-22,Week,total
Display,47,0,0,Mortgages,0,NA,2022-08-22,Week,total
Email,947,2,1,Mortgages,0.21119324181626187,50,2022-08-22,Week,total
Mobile App,0,0,0,Mortgages,NA,NA,2022-08-22,Week,total
Natural Search,187600,249,129,Mortgages,0.13272921108742003,51.80722891566265,2022-08-22,Week,total
Paid Search,13690,110,47,Mortgages,0.8035062089116143,42.72727272727273,2022-08-22,Week,total
Referring Domains,10503,5,1,Mortgages,0.04760544606302961,20,2022-08-22,Week,total
Social Networks,1239,0,0,Mortgages,0,NA,2022-08-22,Week,total
::unspecified::,913,1,0,Mortgages,0.10952902519167579,0,2022-08-29,Week,total
Affiliate,653,5,1,Mortgages,0.7656967840735069,20,2022-08-29,Week,total
Direct,828187,330,138,Mortgages,0.0398460734109567,41.81818181818181,2022-08-29,Week,total
Display,24,0,0,Mortgages,0,NA,2022-08-29,Week,total
Email,1852,1,0,Mortgages,0.05399568034557236,0,2022-08-29,Week,total
Mobile App,0,0,0,Mortgages,NA,NA,2022-08-29,Week,total
Natural Search,196478,215,105,Mortgages,0.1094270096397561,48.837209302325576,2022-08-29,Week,total
Paid Search,15873,100,28,Mortgages,0.63000063000063,28.000000000000004,2022-08-29,Week,total
Referring Domains,10644,3,1,Mortgages,0.02818489289740699,33.33333333333333,2022-08-29,Week,total
Social Networks,640,1,1,Mortgages,0.15625,100,2022-08-29,Week,total
::unspecified::,845,0,0,Mortgages,0,NA,2022-09-05,Week,total
Affiliate,1157,5,2,Mortgages,0.432152117545376,40,2022-09-05,Week,total
Direct,773702,308,167,Mortgages,0.039808608482335577,54.22077922077923,2022-09-05,Week,total
Display,31,0,0,Mortgages,0,NA,2022-09-05,Week,total
Email,571,2,0,Mortgages,0.3502626970227671,0,2022-09-05,Week,total
Mobile App,0,0,0,Mortgages,NA,NA,2022-09-05,Week,total
Natural Search,198270,258,121,Mortgages,0.13012558632168256,46.89922480620155,2022-09-05,Week,total
Paid Search,16925,110,33,Mortgages,0.6499261447562776,30,2022-09-05,Week,total
Referring Domains,10453,9,4,Mortgages,0.08609968430115757,44.44444444444444,2022-09-05,Week,total
Social Networks,922,0,0,Mortgages,0,NA,2022-09-05,Week,total
::unspecified::,1353,0,0,Mortgages,0,NA,2022-09-12,Week,total
Affiliate,514,7,0,Mortgages,1.3618677042801557,0,2022-09-12,Week,total
Direct,731149,249,112,Mortgages,0.034055985852404914,44.97991967871486,2022-09-12,Week,total
Display,138,0,0,Mortgages,0,NA,2022-09-12,Week,total
Email,3553,0,0,Mortgages,0,NA,2022-09-12,Week,total
Mobile App,0,0,0,Mortgages,NA,NA,2022-09-12,Week,total
Natural Search,198815,228,93,Mortgages,0.11467947589467596,40.78947368421053,2022-09-12,Week,total
Paid Search,16064,98,38,Mortgages,0.6100597609561753,38.775510204081634,2022-09-12,Week,total
Referring Domains,12905,2,5,Mortgages,0.015497869043006585,250,2022-09-12,Week,total
Social Networks,1485,0,0,Mortgages,0,NA,2022-09-12,Week,total
::unspecified::,1493,0,0,Mortgages,0,NA,2022-09-19,Week,total
Affiliate,82,5,1,Mortgages,6.097560975609756,20,2022-09-19,Week,total
Direct,638571,215,120,Mortgages,0.03366892639972689,55.81395348837209,2022-09-19,Week,total
Display,134,0,0,Mortgages,0,NA,2022-09-19,Week,total
Email,3870,0,0,Mortgages,0,NA,2022-09-19,Week,total
Mobile App,0,0,0,Mortgages,NA,NA,2022-09-19,Week,total
Natural Search,183324,190,86,Mortgages,0.1036416399380332,45.26315789473684,2022-09-19,Week,total
Paid Search,15147,88,25,Mortgages,0.5809731299927379,28.40909090909091,2022-09-19,Week,total
Referring Domains,11285,4,4,Mortgages,0.035445281346920696,100,2022-09-19,Week,total
Social Networks,762,7,2,Mortgages,0.9186351706036745,28.57142857142857,2022-09-19,Week,total
::unspecified::,1518,0,0,Mortgages,0,NA,2022-09-26,Week,total
Affiliate,145,1,0,Mortgages,0.6896551724137931,0,2022-09-26,Week,total
Direct,668407,269,122,Mortgages,0.0402449405826091,45.353159851301115,2022-09-26,Week,total
Display,160,0,0,Mortgages,0,NA,2022-09-26,Week,total
Email,855,0,0,Mortgages,0,NA,2022-09-26,Week,total
Mobile App,0,0,0,Mortgages,NA,NA,2022-09-26,Week,total
Natural Search,206776,241,105,Mortgages,0.11655124385808797,43.56846473029046,2022-09-26,Week,total
Paid Search,17008,97,39,Mortgages,0.5703198494825965,40.20618556701031,2022-09-26,Week,total
Referring Domains,11746,8,4,Mortgages,0.06810829218457347,50,2022-09-26,Week,total
Social Networks,647,2,0,Mortgages,0.3091190108191654,0,2022-09-26,Week,total
::unspecified::,734,0,0,Mortgages,0,NA,2022-10-03,Week,total
Affiliate,589,19,1,Mortgages,3.225806451612903,5.263157894736842,2022-10-03,Week,total
Direct,684528,305,151,Mortgages,0.044556248977397565,49.50819672131148,2022-10-03,Week,total
Display,191,0,0,Mortgages,0,NA,2022-10-03,Week,total
Email,1398,2,0,Mortgages,0.14306151645207438,0,2022-10-03,Week,total
Mobile App,0,0,0,Mortgages,NA,NA,2022-10-03,Week,total
Natural Search,222548,295,117,Mortgages,0.1325556733828208,39.66101694915255,2022-10-03,Week,total
Paid Search,17238,110,26,Mortgages,0.6381250725142128,23.636363636363637,2022-10-03,Week,total
Referring Domains,13486,8,1,Mortgages,0.05932077710218003,12.5,2022-10-03,Week,total
Social Networks,4723,1,0,Mortgages,0.021172983273343216,0,2022-10-03,Week,total
::unspecified::,1247,2,2,Mortgages,0.16038492381716118,100,2022-10-10,Week,total
Affiliate,1498,4,0,Mortgages,0.26702269692923897,0,2022-10-10,Week,total
Direct,788114,283,133,Mortgages,0.03590851069769094,46.996466431095406,2022-10-10,Week,total
Display,176,0,0,Mortgages,0,NA,2022-10-10,Week,total
Email,3177,3,1,Mortgages,0.09442870632672333,33.33333333333333,2022-10-10,Week,total
Mobile App,0,0,0,Mortgages,NA,NA,2022-10-10,Week,total
Natural Search,217002,202,88,Mortgages,0.09308669966175426,43.56435643564357,2022-10-10,Week,total
Paid Search,17829,72,33,Mortgages,0.40383644623927306,45.83333333333333,2022-10-10,Week,total
Referring Domains,13332,6,2,Mortgages,0.045004500450045004,33.33333333333333,2022-10-10,Week,total
Social Networks,2495,1,0,Mortgages,0.04008016032064128,0,2022-10-10,Week,total
::unspecified::,907,0,0,Mortgages,0,NA,2022-10-17,Week,total
Affiliate,253,7,4,Mortgages,2.766798418972332,57.14285714285714,2022-10-17,Week,total
Direct,762020,285,147,Mortgages,0.037400593160284504,51.578947368421055,2022-10-17,Week,total
Display,12,0,0,Mortgages,0,NA,2022-10-17,Week,total
Email,5305,0,0,Mortgages,0,NA,2022-10-17,Week,total
Mobile App,0,0,0,Mortgages,NA,NA,2022-10-17,Week,total
Natural Search,203655,288,124,Mortgages,0.14141562937320468,43.05555555555556,2022-10-17,Week,total
Paid Search,18864,80,23,Mortgages,0.4240882103477523,28.749999999999996,2022-10-17,Week,total
Referring Domains,13334,11,2,Mortgages,0.08249587520623969,18.181818181818183,2022-10-17,Week,total
Social Networks,2382,0,0,Mortgages,0,NA,2022-10-17,Week,total
::unspecified::,710,0,0,Mortgages,0,NA,2022-10-24,Week,total
Affiliate,286,5,2,Mortgages,1.7482517482517483,40,2022-10-24,Week,total
Direct,740578,210,113,Mortgages,0.028356229863701052,53.80952380952381,2022-10-24,Week,total
Display,6,0,0,Mortgages,0,NA,2022-10-24,Week,total
Email,3376,1,0,Mortgages,0.02962085308056872,0,2022-10-24,Week,total
Mobile App,0,0,0,Mortgages,NA,NA,2022-10-24,Week,total
Natural Search,199884,247,106,Mortgages,0.12357167156951032,42.91497975708502,2022-10-24,Week,total
Paid Search,14073,64,13,Mortgages,0.454771548355006,20.3125,2022-10-24,Week,total
Referring Domains,12069,4,5,Mortgages,0.03314276244925014,125,2022-10-24,Week,total
Social Networks,2182,1,0,Mortgages,0.045829514207149404,0,2022-10-24,Week,total
::unspecified::,790,0,0,Mortgages,0,NA,2022-10-31,Week,total
Affiliate,171,10,3,Mortgages,5.847953216374268,30,2022-10-31,Week,total
Direct,769740,248,118,Mortgages,0.03221867123963936,47.58064516129033,2022-10-31,Week,total
Display,3,0,0,Mortgages,0,NA,2022-10-31,Week,total
Email,2028,1,0,Mortgages,0.04930966469428008,0,2022-10-31,Week,total
Mobile App,0,0,0,Mortgages,NA,NA,2022-10-31,Week,total
Natural Search,225611,324,145,Mortgages,0.1436100190150303,44.75308641975309,2022-10-31,Week,total
Paid Search,17279,66,20,Mortgages,0.38196654899010357,30.303030303030305,2022-10-31,Week,total
Referring Domains,14024,4,1,Mortgages,0.028522532800912718,25,2022-10-31,Week,total
Social Networks,2095,0,0,Mortgages,0,NA,2022-10-31,Week,total
::unspecified::,909,0,0,Mortgages,0,NA,2022-11-07,Week,total
Affiliate,254,2,0,Mortgages,0.7874015748031495,0,2022-11-07,Week,total
Direct,719493,307,122,Mortgages,0.04266893493056916,39.73941368078176,2022-11-07,Week,total
Display,8,0,0,Mortgages,0,NA,2022-11-07,Week,total
Email,4347,1,0,Mortgages,0.023004370830457786,0,2022-11-07,Week,total
Mobile App,0,0,0,Mortgages,NA,NA,2022-11-07,Week,total
Natural Search,203958,215,93,Mortgages,0.10541385971621609,43.25581395348837,2022-11-07,Week,total
Paid Search,14890,67,18,Mortgages,0.44996642041638685,26.865671641791046,2022-11-07,Week,total
Referring Domains,12148,8,1,Mortgages,0.0658544616397761,12.5,2022-11-07,Week,total
Social Networks,1885,0,1,Mortgages,0,Inf,2022-11-07,Week,total
::unspecified::,806,0,0,Mortgages,0,NA,2022-11-14,Week,total
Affiliate,1889,3,3,Mortgages,0.15881418740074113,100,2022-11-14,Week,total
Direct,731460,268,127,Mortgages,0.036639050665791706,47.38805970149254,2022-11-14,Week,total
Display,15,0,0,Mortgages,0,NA,2022-11-14,Week,total
Email,6701,1,0,Mortgages,0.014923145799134457,0,2022-11-14,Week,total
Mobile App,0,0,0,Mortgages,NA,NA,2022-11-14,Week,total
Natural Search,195463,214,97,Mortgages,0.10948363628922099,45.32710280373832,2022-11-14,Week,total
Paid Search,16811,81,19,Mortgages,0.4818273749330795,23.456790123456788,2022-11-14,Week,total
Referring Domains,12702,15,8,Mortgages,0.11809163911195086,53.333333333333336,2022-11-14,Week,total
Social Networks,2320,0,0,Mortgages,0,NA,2022-11-14,Week,total
::unspecified::,669,0,0,Mortgages,0,NA,2022-11-21,Week,total
Affiliate,2736,24,8,Mortgages,0.8771929824561403,33.33333333333333,2022-11-21,Week,total
Direct,722649,278,116,Mortgages,0.038469575132602414,41.726618705035975,2022-11-21,Week,total
Display,5,0,0,Mortgages,0,NA,2022-11-21,Week,total
Email,2278,0,0,Mortgages,0,NA,2022-11-21,Week,total
Mobile App,0,0,0,Mortgages,NA,NA,2022-11-21,Week,total
Natural Search,185973,241,88,Mortgages,0.12958870373656392,36.51452282157676,2022-11-21,Week,total
Paid Search,13990,58,19,Mortgages,0.4145818441744103,32.758620689655174,2022-11-21,Week,total
Referring Domains,11485,3,5,Mortgages,0.0261210274270788,166.66666666666669,2022-11-21,Week,total
Social Networks,2122,1,0,Mortgages,0.0471253534401508,0,2022-11-21,Week,total
::unspecified::,715,0,0,Mortgages,0,NA,2022-11-28,Week,total
Affiliate,3334,30,6,Mortgages,0.8998200359928014,20,2022-11-28,Week,total
Direct,753139,227,116,Mortgages,0.030140518549696668,51.10132158590308,2022-11-28,Week,total
Display,4,0,0,Mortgages,0,NA,2022-11-28,Week,total
Email,3556,0,0,Mortgages,0,NA,2022-11-28,Week,total
Mobile App,0,0,0,Mortgages,NA,NA,2022-11-28,Week,total
Natural Search,195672,249,109,Mortgages,0.1272537716178094,43.77510040160642,2022-11-28,Week,total
Paid Search,14575,39,10,Mortgages,0.26758147512864494,25.64102564102564,2022-11-28,Week,total
Referring Domains,12512,8,5,Mortgages,0.0639386189258312,62.5,2022-11-28,Week,total
Social Networks,215,0,0,Mortgages,0,NA,2022-11-28,Week,total
::unspecified::,711,1,0,Mortgages,0.14064697609001406,0,2022-12-05,Week,total
Affiliate,3785,53,7,Mortgages,1.4002642007926023,13.20754716981132,2022-12-05,Week,total
Direct,718271,302,154,Mortgages,0.04204541182923994,50.993377483443716,2022-12-05,Week,total
Display,4,0,0,Mortgages,0,NA,2022-12-05,Week,total
Email,1024,0,0,Mortgages,0,NA,2022-12-05,Week,total
Mobile App,0,0,0,Mortgages,NA,NA,2022-12-05,Week,total
Natural Search,193975,235,91,Mortgages,0.12114963268462431,38.72340425531915,2022-12-05,Week,total
Paid Search,19035,98,26,Mortgages,0.5148410822169688,26.53061224489796,2022-12-05,Week,total
Referring Domains,12467,16,7,Mortgages,0.12833881447020132,43.75,2022-12-05,Week,total
Social Networks,3670,1,0,Mortgages,0.027247956403269755,0,2022-12-05,Week,total
::unspecified::,692,0,0,Mortgages,0,NA,2022-12-12,Week,total
Affiliate,3058,24,1,Mortgages,0.7848266841072596,4.166666666666666,2022-12-12,Week,total
Direct,708172,220,102,Mortgages,0.031065899244816227,46.36363636363636,2022-12-12,Week,total
Display,7,0,0,Mortgages,0,NA,2022-12-12,Week,total
Email,5888,0,0,Mortgages,0,NA,2022-12-12,Week,total
Mobile App,0,0,0,Mortgages,NA,NA,2022-12-12,Week,total
Natural Search,190420,184,72,Mortgages,0.09662850540909569,39.130434782608695,2022-12-12,Week,total
Paid Search,16906,86,26,Mortgages,0.508695137820892,30.23255813953488,2022-12-12,Week,total
Referring Domains,12109,8,4,Mortgages,0.06606656206127674,50,2022-12-12,Week,total
Social Networks,1910,0,0,Mortgages,0,NA,2022-12-12,Week,total
::unspecified::,590,0,0,Mortgages,0,NA,2022-12-19,Week,total
Affiliate,2106,31,5,Mortgages,1.4719848053181388,16.129032258064516,2022-12-19,Week,total
Direct,669965,147,77,Mortgages,0.021941444702335194,52.38095238095239,2022-12-19,Week,total
Display,1,0,0,Mortgages,0,NA,2022-12-19,Week,total
Email,3124,0,0,Mortgages,0,NA,2022-12-19,Week,total
Mobile App,0,0,0,Mortgages,NA,NA,2022-12-19,Week,total
Natural Search,160484,151,64,Mortgages,0.09409037661075248,42.384105960264904,2022-12-19,Week,total
Paid Search,12817,82,23,Mortgages,0.6397752984317704,28.04878048780488,2022-12-19,Week,total
Referring Domains,11135,8,2,Mortgages,0.07184553210597215,25,2022-12-19,Week,total
Social Networks,277,0,0,Mortgages,0,NA,2022-12-19,Week,total
::unspecified::,504,0,0,Mortgages,0,NA,2022-12-26,Week,total
Affiliate,1396,5,0,Mortgages,0.35816618911174786,0,2022-12-26,Week,total
Direct,531523,142,79,Mortgages,0.026715683046641445,55.633802816901415,2022-12-26,Week,total
Display,2,0,0,Mortgages,0,NA,2022-12-26,Week,total
Email,575,0,0,Mortgages,0,NA,2022-12-26,Week,total
Mobile App,0,0,0,Mortgages,NA,NA,2022-12-26,Week,total
Natural Search,132668,91,44,Mortgages,0.06859227545451804,48.35164835164835,2022-12-26,Week,total
Paid Search,11263,85,26,Mortgages,0.7546834768711711,30.58823529411765,2022-12-26,Week,total
Referring Domains,8931,3,2,Mortgages,0.03359086328518643,66.66666666666666,2022-12-26,Week,total
Social Networks,171,0,0,Mortgages,0,NA,2022-12-26,Week,total
::unspecified::,61,0,0,Mortgages,0,NA,2022-12-26,Week,total
Affiliate,24,0,0,Mortgages,0,NA,2022-12-26,Week,total
Direct,81162,15,10,Mortgages,0.01848155540770311,66.66666666666666,2022-12-26,Week,total
Display,1,0,0,Mortgages,0,NA,2022-12-26,Week,total
Email,62,0,0,Mortgages,0,NA,2022-12-26,Week,total
Mobile App,0,0,0,Mortgages,NA,NA,2022-12-26,Week,total
Natural Search,19333,11,3,Mortgages,0.056897532716081306,27.27272727272727,2022-12-26,Week,total
Paid Search,1919,5,0,Mortgages,0.26055237102657636,0,2022-12-26,Week,total
Referring Domains,1176,0,0,Mortgages,0,NA,2022-12-26,Week,total
Social Networks,26,0,0,Mortgages,0,NA,2022-12-26,Week,total
::unspecified::,847,2,0,Mortgages,0.23612750885478156,0,2023-01-02,Week,total
Affiliate,72,1,0,Mortgages,1.3888888888888888,0,2023-01-02,Week,total
Direct,695997,276,133,Mortgages,0.03965534334199716,48.188405797101446,2023-01-02,Week,total
Display,1,0,0,Mortgages,0,NA,2023-01-02,Week,total
Email,657,2,1,Mortgages,0.30441400304414,50,2023-01-02,Week,total
Mobile App,0,0,0,Mortgages,NA,NA,2023-01-02,Week,total
Natural Search,197848,302,124,Mortgages,0.15264243257450164,41.05960264900662,2023-01-02,Week,total
Paid Search,12909,52,16,Mortgages,0.4028197381671702,30.76923076923077,2023-01-02,Week,total
Referring Domains,13145,18,8,Mortgages,0.13693419551160135,44.44444444444444,2023-01-02,Week,total
Social Networks,309,0,0,Mortgages,0,NA,2023-01-02,Week,total
::unspecified::,997,0,0,Mortgages,0,NA,2023-01-09,Week,total
Affiliate,34,0,0,Mortgages,0,NA,2023-01-09,Week,total
Direct,789598,277,127,Mortgages,0.0350811425560855,45.84837545126354,2023-01-09,Week,total
Display,1,0,0,Mortgages,0,NA,2023-01-09,Week,total
Email,10891,3,0,Mortgages,0.027545679919199338,0,2023-01-09,Week,total
Mobile App,0,0,0,Mortgages,NA,NA,2023-01-09,Week,total
Natural Search,209478,361,145,Mortgages,0.17233313283495164,40.16620498614959,2023-01-09,Week,total
Paid Search,17327,51,16,Mortgages,0.29433831592312576,31.372549019607842,2023-01-09,Week,total
Referring Domains,14138,6,6,Mortgages,0.042438817371622584,100,2023-01-09,Week,total
Social Networks,528,0,0,Mortgages,0,NA,2023-01-09,Week,total
::unspecified::,546,1,1,Mortgages,0.18315018315018314,100,2023-01-16,Week,total
Affiliate,22,0,0,Mortgages,0,NA,2023-01-16,Week,total
Direct,790989,240,145,Mortgages,0.030341762021975024,60.416666666666664,2023-01-16,Week,total
Display,2,0,0,Mortgages,0,NA,2023-01-16,Week,total
Email,4047,25,4,Mortgages,0.6177415369409439,16,2023-01-16,Week,total
Mobile App,0,0,0,Mortgages,NA,NA,2023-01-16,Week,total
Natural Search,211746,322,128,Mortgages,0.15206898831619015,39.75155279503105,2023-01-16,Week,total
Paid Search,15881,19,10,Mortgages,0.1196398211699515,52.63157894736842,2023-01-16,Week,total
Referring Domains,14784,13,4,Mortgages,0.08793290043290043,30.76923076923077,2023-01-16,Week,total
Social Networks,1900,0,0,Mortgages,0,NA,2023-01-16,Week,total
::unspecified::,683,0,0,Mortgages,0,NA,2023-01-23,Week,total
Affiliate,36,0,0,Mortgages,0,NA,2023-01-23,Week,total
Direct,705759,285,146,Mortgages,0.04038205676441958,51.2280701754386,2023-01-23,Week,total
Display,1,0,0,Mortgages,0,NA,2023-01-23,Week,total
Email,6754,3,0,Mortgages,0.04441812259401836,0,2023-01-23,Week,total
Mobile App,0,0,0,Mortgages,NA,NA,2023-01-23,Week,total
Natural Search,193861,292,128,Mortgages,0.15062338479632315,43.83561643835616,2023-01-23,Week,total
Paid Search,14903,18,8,Mortgages,0.12078105079514191,44.44444444444444,2023-01-23,Week,total
Referring Domains,13254,14,4,Mortgages,0.10562848951259998,28.57142857142857,2023-01-23,Week,total
Social Networks,2355,0,0,Mortgages,0,NA,2023-01-23,Week,total
::unspecified::,707,0,0,Mortgages,0,NA,2023-01-30,Week,total
Affiliate,10,0,0,Mortgages,0,NA,2023-01-30,Week,total
Direct,765039,324,189,Mortgages,0.04235078211699011,58.333333333333336,2023-01-30,Week,total
Display,7,0,0,Mortgages,0,NA,2023-01-30,Week,total
Email,4818,31,14,Mortgages,0.6434205064342051,45.16129032258064,2023-01-30,Week,total
Mobile App,0,0,0,Mortgages,NA,NA,2023-01-30,Week,total
Natural Search,221587,339,141,Mortgages,0.1529873142377486,41.5929203539823,2023-01-30,Week,total
Paid Search,18119,28,12,Mortgages,0.15453391467520283,42.857142857142854,2023-01-30,Week,total
Referring Domains,14287,25,6,Mortgages,0.17498425141737245,24,2023-01-30,Week,total
Social Networks,1940,0,0,Mortgages,0,NA,2023-01-30,Week,total
::unspecified::,1582,1,0,Mortgages,0.06321112515802782,0,2023-02-06,Week,total
Affiliate,15,1,0,Mortgages,6.666666666666667,0,2023-02-06,Week,total
Direct,784051,332,149,Mortgages,0.04234418424311684,44.87951807228915,2023-02-06,Week,total
Display,3423,0,0,Mortgages,0,NA,2023-02-06,Week,total
Email,9323,16,7,Mortgages,0.17161857771103722,43.75,2023-02-06,Week,total
Mobile App,0,0,0,Mortgages,NA,NA,2023-02-06,Week,total
Natural Search,232797,367,161,Mortgages,0.1576480796573839,43.869209809264305,2023-02-06,Week,total
Paid Search,24927,72,22,Mortgages,0.2888434227945601,30.555555555555557,2023-02-06,Week,total
Referring Domains,15171,9,8,Mortgages,0.059323709709313825,88.88888888888889,2023-02-06,Week,total
Social Networks,7457,0,0,Mortgages,0,NA,2023-02-06,Week,total
::unspecified::,1588,1,0,Mortgages,0.06297229219143577,0,2023-02-13,Week,total
Affiliate,2,0,0,Mortgages,0,NA,2023-02-13,Week,total
Direct,718758,246,120,Mortgages,0.03422570600953311,48.78048780487805,2023-02-13,Week,total
Display,4238,0,0,Mortgages,0,NA,2023-02-13,Week,total
Email,6044,5,5,Mortgages,0.0827266710787558,100,2023-02-13,Week,total
Mobile App,2627,81,41,Mortgages,3.083365055196041,50.617283950617285,2023-02-13,Week,total
Natural Search,214100,266,105,Mortgages,0.12424100887435778,39.473684210526315,2023-02-13,Week,total
Paid Search,28042,86,24,Mortgages,0.3066828328935169,27.906976744186046,2023-02-13,Week,total
Referring Domains,14546,15,5,Mortgages,0.1031211329575141,33.33333333333333,2023-02-13,Week,total
Social Networks,5801,2,0,Mortgages,0.03447681434235477,0,2023-02-13,Week,total
::unspecified::,1440,1,1,Mortgages,0.06944444444444445,100,2023-02-20,Week,total
Affiliate,10,0,0,Mortgages,0,NA,2023-02-20,Week,total
Direct,712215,183,100,Mortgages,0.02569448832164445,54.644808743169406,2023-02-20,Week,total
Display,3018,0,0,Mortgages,0,NA,2023-02-20,Week,total
Email,3121,1,0,Mortgages,0.03204101249599487,0,2023-02-20,Week,total
Mobile App,2718,50,22,Mortgages,1.839587932303164,44,2023-02-20,Week,total
Natural Search,209831,331,140,Mortgages,0.1577459955869247,42.296072507552864,2023-02-20,Week,total
Paid Search,28306,117,33,Mortgages,0.4133399279304741,28.205128205128204,2023-02-20,Week,total
Referring Domains,15119,13,8,Mortgages,0.08598452278589853,61.53846153846154,2023-02-20,Week,total
Social Networks,4975,0,0,Mortgages,0,NA,2023-02-20,Week,total
::unspecified::,430,0,0,Mortgages,0,NA,2023-02-27,Week,total
Affiliate,4,0,0,Mortgages,0,NA,2023-02-27,Week,total
Direct,229653,95,42,Mortgages,0.041366757673533545,44.21052631578947,2023-02-27,Week,total
Display,262,0,0,Mortgages,0,NA,2023-02-27,Week,total
Email,3040,8,1,Mortgages,0.2631578947368421,12.5,2023-02-27,Week,total
Mobile App,1081,25,12,Mortgages,2.3126734505087883,48,2023-02-27,Week,total
Natural Search,71320,131,50,Mortgages,0.18367919237240604,38.16793893129771,2023-02-27,Week,total
Paid Search,7481,28,5,Mortgages,0.37428151316668895,17.857142857142858,2023-02-27,Week,total
Referring Domains,4558,4,1,Mortgages,0.08775778850372971,25,2023-02-27,Week,total
Social Networks,1208,2,0,Mortgages,0.16556291390728478,0,2023-02-27,Week,total
::unspecified::,2036,0,0,Mortgages,0,NA,2022-03-01,Month,total
Affiliate,1475,51,11,Mortgages,3.457627118644068,21.568627450980394,2022-03-01,Month,total
Direct,4318596,1430,557,Mortgages,0.0331126134512235,38.951048951048946,2022-03-01,Month,total
Display,1253,3,0,Mortgages,0.23942537909018355,0,2022-03-01,Month,total
Email,13696,15,6,Mortgages,0.10952102803738317,40,2022-03-01,Month,total
Mobile App,0,0,0,Mortgages,NA,NA,2022-03-01,Month,total
Natural Search,823824,1720,675,Mortgages,0.20878245838917053,39.24418604651162,2022-03-01,Month,total
Paid Search,72352,457,151,Mortgages,0.6316342326404245,33.04157549234136,2022-03-01,Month,total
Referring Domains,69258,46,15,Mortgages,0.0664183199052817,32.608695652173914,2022-03-01,Month,total
Social Networks,6422,4,1,Mortgages,0.06228589224540642,25,2022-03-01,Month,total
::unspecified::,2137,0,0,Mortgages,0,NA,2022-04-01,Month,total
Affiliate,2434,43,17,Mortgages,1.7666392769104355,39.53488372093023,2022-04-01,Month,total
Direct,3740212,803,390,Mortgages,0.021469371254891432,48.567870485678704,2022-04-01,Month,total
Display,143,0,0,Mortgages,0,NA,2022-04-01,Month,total
Email,16040,6,2,Mortgages,0.03740648379052369,33.33333333333333,2022-04-01,Month,total
Mobile App,0,0,0,Mortgages,NA,NA,2022-04-01,Month,total
Natural Search,722797,1160,464,Mortgages,0.1604876611275365,40,2022-04-01,Month,total
Paid Search,52218,226,93,Mortgages,0.43280094986403156,41.150442477876105,2022-04-01,Month,total
Referring Domains,47926,39,14,Mortgages,0.08137545382464634,35.8974358974359,2022-04-01,Month,total
Social Networks,4589,5,3,Mortgages,0.10895619960775767,60,2022-04-01,Month,total
::unspecified::,2022,0,0,Mortgages,0,NA,2022-05-01,Month,total
Affiliate,2092,27,6,Mortgages,1.2906309751434035,22.22222222222222,2022-05-01,Month,total
Direct,4035881,940,393,Mortgages,0.023291073250177593,41.808510638297875,2022-05-01,Month,total
Display,36,0,0,Mortgages,0,NA,2022-05-01,Month,total
Email,10653,3,3,Mortgages,0.028161081385525203,100,2022-05-01,Month,total
Mobile App,0,0,0,Mortgages,NA,NA,2022-05-01,Month,total
Natural Search,818535,1351,494,Mortgages,0.1650509752179198,36.565507031828275,2022-05-01,Month,total
Paid Search,56312,251,91,Mortgages,0.44573092768859207,36.254980079681275,2022-05-01,Month,total
Referring Domains,52144,72,15,Mortgages,0.13807916538815587,20.833333333333336,2022-05-01,Month,total
Social Networks,7188,0,0,Mortgages,0,NA,2022-05-01,Month,total
::unspecified::,3012,0,0,Mortgages,0,NA,2022-06-01,Month,total
Affiliate,2451,17,1,Mortgages,0.69359445124439,5.88235294117647,2022-06-01,Month,total
Direct,4447206,869,389,Mortgages,0.019540358598185016,44.76409666283084,2022-06-01,Month,total
Display,38,0,0,Mortgages,0,NA,2022-06-01,Month,total
Email,22828,7,5,Mortgages,0.030664096723322234,71.42857142857143,2022-06-01,Month,total
Mobile App,0,0,0,Mortgages,NA,NA,2022-06-01,Month,total
Natural Search,866756,945,362,Mortgages,0.10902722334774724,38.3068783068783,2022-06-01,Month,total
Paid Search,75947,263,98,Mortgages,0.34629412616693217,37.26235741444867,2022-06-01,Month,total
Referring Domains,52684,19,6,Mortgages,0.03606408017614456,31.57894736842105,2022-06-01,Month,total
Social Networks,5634,2,0,Mortgages,0.03549875754348598,0,2022-06-01,Month,total
::unspecified::,3178,1,0,Mortgages,0.031466331025802395,0,2022-07-01,Month,total
Affiliate,2453,0,0,Mortgages,0,NA,2022-07-01,Month,total
Direct,4958177,1265,565,Mortgages,0.025513409464809348,44.66403162055336,2022-07-01,Month,total
Display,39,0,0,Mortgages,0,NA,2022-07-01,Month,total
Email,14792,5,1,Mortgages,0.03380205516495403,20,2022-07-01,Month,total
Mobile App,0,0,0,Mortgages,NA,NA,2022-07-01,Month,total
Natural Search,922477,1107,419,Mortgages,0.12000299194451461,37.85004516711834,2022-07-01,Month,total
Paid Search,78153,430,157,Mortgages,0.5502028073138587,36.51162790697675,2022-07-01,Month,total
Referring Domains,53595,34,20,Mortgages,0.06343875361507603,58.82352941176471,2022-07-01,Month,total
Social Networks,5357,3,0,Mortgages,0.056001493373156616,0,2022-07-01,Month,total
::unspecified::,4506,1,0,Mortgages,0.022192632046160673,0,2022-08-01,Month,total
Affiliate,3036,1,0,Mortgages,0.03293807641633729,0,2022-08-01,Month,total
Direct,4113875,1538,725,Mortgages,0.03738567652152776,47.13914174252275,2022-08-01,Month,total
Display,115,0,0,Mortgages,0,NA,2022-08-01,Month,total
Email,11136,2,1,Mortgages,0.017959770114942528,50,2022-08-01,Month,total
Mobile App,0,0,0,Mortgages,NA,NA,2022-08-01,Month,total
Natural Search,920798,1154,537,Mortgages,0.1253260758602864,46.53379549393414,2022-08-01,Month,total
Paid Search,66661,488,172,Mortgages,0.7320622252891495,35.24590163934426,2022-08-01,Month,total
Referring Domains,50958,24,16,Mortgages,0.047097609796302835,66.66666666666666,2022-08-01,Month,total
Social Networks,8672,1,1,Mortgages,0.011531365313653136,100,2022-08-01,Month,total
::unspecified::,5294,1,0,Mortgages,0.018889308651303362,0,2022-09-01,Month,total
Affiliate,2361,23,4,Mortgages,0.9741634900465904,17.391304347826086,2022-09-01,Month,total
Direct,3105025,1126,565,Mortgages,0.03626379819808214,50.17761989342806,2022-09-01,Month,total
Display,425,0,0,Mortgages,0,NA,2022-09-01,Month,total
Email,9212,3,0,Mortgages,0.03256621797655232,0,2022-09-01,Month,total
Mobile App,0,0,0,Mortgages,NA,NA,2022-09-01,Month,total
Natural Search,847589,970,431,Mortgages,0.11444225916098485,44.43298969072165,2022-09-01,Month,total
Paid Search,69524,422,137,Mortgages,0.6069846383982509,32.46445497630332,2022-09-01,Month,total
Referring Domains,49721,19,14,Mortgages,0.038213229822409045,73.68421052631578,2022-09-01,Month,total
Social Networks,3909,9,2,Mortgages,0.23023791250959325,22.22222222222222,2022-09-01,Month,total
::unspecified::,4063,2,2,Mortgages,0.04922471080482402,100,2022-10-01,Month,total
Affiliate,2761,39,7,Mortgages,1.4125316914161534,17.94871794871795,2022-10-01,Month,total
Direct,3246293,1168,580,Mortgages,0.03597950031004595,49.65753424657534,2022-10-01,Month,total
Display,433,0,0,Mortgages,0,NA,2022-10-01,Month,total
Email,13523,6,1,Mortgages,0.04436885306514826,16.666666666666664,2022-10-01,Month,total
Mobile App,0,0,0,Mortgages,NA,NA,2022-10-01,Month,total
Natural Search,917870,1140,488,Mortgages,0.12420059485548063,42.80701754385965,2022-10-01,Month,total
Paid Search,73986,362,112,Mortgages,0.48928175600789336,30.939226519337016,2022-10-01,Month,total
Referring Domains,56183,33,13,Mortgages,0.05873662851752309,39.39393939393939,2022-10-01,Month,total
Social Networks,12252,3,0,Mortgages,0.024485798237022526,0,2022-10-01,Month,total
::unspecified::,3434,0,0,Mortgages,0,NA,2022-11-01,Month,total
Affiliate,6542,48,15,Mortgages,0.7337205747477835,31.25,2022-11-01,Month,total
Direct,3179557,1204,533,Mortgages,0.037866910390346835,44.26910299003322,2022-11-01,Month,total
Display,34,0,0,Mortgages,0,NA,2022-11-01,Month,total
Email,16907,3,0,Mortgages,0.017744129650440643,0,2022-11-01,Month,total
Mobile App,0,0,0,Mortgages,NA,NA,2022-11-01,Month,total
Natural Search,874890,1088,459,Mortgages,0.12435849078169826,42.1875,2022-11-01,Month,total
Paid Search,66613,262,73,Mortgages,0.3933166198790026,27.86259541984733,2022-11-01,Month,total
Referring Domains,54744,37,17,Mortgages,0.06758731550489551,45.94594594594595,2022-11-01,Month,total
Social Networks,8270,1,1,Mortgages,0.012091898428053204,100,2022-11-01,Month,total
::unspecified::,2864,1,0,Mortgages,0.034916201117318434,0,2022-12-01,Month,total
Affiliate,12145,130,18,Mortgages,1.070399341292713,13.846153846153847,2022-12-01,Month,total
Direct,3029143,900,465,Mortgages,0.02971137381100859,51.66666666666667,2022-12-01,Month,total
Display,15,0,0,Mortgages,0,NA,2022-12-01,Month,total
Email,12465,0,0,Mortgages,0,NA,2022-12-01,Month,total
Mobile App,0,0,0,Mortgages,NA,NA,2022-12-01,Month,total
Natural Search,777111,767,320,Mortgages,0.09869889887030296,41.720990873533246,2022-12-01,Month,total
Paid Search,69147,390,111,Mortgages,0.5640157924421884,28.46153846153846,2022-12-01,Month,total
Referring Domains,51177,36,18,Mortgages,0.07034409988862184,50,2022-12-01,Month,total
Social Networks,6106,1,0,Mortgages,0.016377333770062234,0,2022-12-01,Month,total
::unspecified::,3320,3,1,Mortgages,0.09036144578313253,33.33333333333333,2023-01-01,Month,total
Affiliate,196,1,0,Mortgages,0.5102040816326531,0,2023-01-01,Month,total
Direct,3296361,1209,628,Mortgages,0.03667680815299052,51.943755169561626,2023-01-01,Month,total
Display,9,0,0,Mortgages,0,NA,2023-01-01,Month,total
Email,26152,51,10,Mortgages,0.19501376567757725,19.607843137254903,2023-01-01,Month,total
Mobile App,0,0,0,Mortgages,NA,NA,2023-01-01,Month,total
Natural Search,902715,1402,566,Mortgages,0.1553092615055693,40.37089871611983,2023-01-01,Month,total
Paid Search,67635,151,55,Mortgages,0.22325718932505362,36.423841059602644,2023-01-01,Month,total
Referring Domains,61098,61,24,Mortgages,0.09983960195096403,39.34426229508197,2023-01-01,Month,total
Social Networks,5747,0,0,Mortgages,0,NA,2023-01-01,Month,total
::unspecified::,5561,3,1,Mortgages,0.053947131810825395,33.33333333333333,2023-02-01,Month,total
Affiliate,33,1,0,Mortgages,3.0303030303030303,0,2023-02-01,Month,total
Direct,2976860,1064,533,Mortgages,0.03574235939882964,50.09398496240601,2023-02-01,Month,total
Display,10945,0,0,Mortgages,0,NA,2023-02-01,Month,total
Email,22605,43,22,Mortgages,0.19022340190223402,51.162790697674424,2023-02-01,Month,total
Mobile App,6426,156,75,Mortgages,2.427637721755369,48.07692307692308,2023-02-01,Month,total
Natural Search,879186,1320,559,Mortgages,0.1501388784625779,42.348484848484844,2023-02-01,Month,total
Paid Search,102179,325,91,Mortgages,0.31806927059376194,28.000000000000004,2023-02-01,Month,total
Referring Domains,59080,56,26,Mortgages,0.09478672985781991,46.42857142857143,2023-02-01,Month,total
Social Networks,20752,4,0,Mortgages,0.019275250578257516,0,2023-02-01,Month,total
